Stock,2009-04-01,2012-04-02,2015-04-01,2018-04-02,2021-04-01,2024-04-01
20MICRONS,7.6,41.9,37.35,49.75,35.4,144.4
21STCENMGM,,,,35.4,13.7,42.4
360ONE,,,,,327.25,696.8
3IINFOLTD,,,,,,42.9
3MINDIA,870.45,3761.25,7879.6,19973.9,29602.95,30533.2
3PLAND,7.8,,,13.35,8.9,28.3
5PAISA,,,,337.6,260.6,528.45
63MOONS,642.4,701.45,190.45,101.35,72.0,400.65
A2ZINFRA,,116.75,16.0,27.95,3.8,13.75
AAATECH,,,,,,83.35
AADHARHFC,,,,,,
AAKASH,,,,,13.1,9.7
AAREYDRUGS,,,,,,45.8
AARON,,,,,57.8,263.35
AARTECH,,,,,,53.65
AARTIDRUGS,4.8,13.05,162.05,129.35,718.65,457.4
AARTIIND,7.3,15.2,85.45,290.05,681.9,686.3
AARTIPHARM,,,,,,448.75
AARTISURF,,,,,977.7,579.5
AARVEEDEN,14.55,36.9,42.3,45.45,17.85,24.3
AARVI,,,,76.0,50.75,123.4
AATMAJ_SME,,,,,,37.2
AAVAS,,,,,2418.0,1418.55
ABAN,395.65,437.35,429.1,161.5,30.9,52.2
ABB,425.8,845.25,1277.45,1292.75,1397.5,6504.65
ABBOTINDIA,,1520.95,3981.25,5490.8,14980.05,27521.3
ABCAPITAL,,,,151.9,121.55,181.85
ABCOTS_SME,,,,,,232.2
ABDL,,,,,,
ABFRL,,,114.7,147.65,198.95,211.65
ABGSEC,,,,,,
ABHAPOWER_SME,,,,,,
ABINFRA,,,,,,69.3
ABMINTLLTD,,,,,,63.65
ABREL,220.1,376.45,675.35,1181.5,458.9,1711.25
ABSLAMC,,,,,,463.15
ABSLBANETF,,,,,336.46,47.86
ABSLLIQUID,,,,,,999.99
ABSLNN50ET,,,,,347.4,63.61
ABSLPSE,,,,,,
ABSMARINE_SME,,,,,,
ACC,586.85,1342.0,1585.9,1536.95,1913.35,2544.55
ACCELYA,24.25,138.55,950.5,1358.4,874.8,1764.3
ACCENTMIC_SME,,,,,,261.0
ACCORD_SME,,,,,17.1,29.5
ACCURACY,,,,,5.25,9.7
ACE,12.1,31.9,41.15,173.1,161.05,1606.4
ACEINTEG,,,,,,32.3
ACI,,,,,,676.25
ACL,,,,,,81.6
ACLGATI,41.5,32.25,224.8,93.4,106.05,100.05
ACMESOLAR,,,,,,
ADANIENSOL,,,,193.6,999.2,1112.0
ADANIENT,139.9,308.0,612.4,160.9,1107.2,3252.1
ADANIGREEN,,,,,1160.05,1888.3
ADANIPORTS,68.15,129.5,310.95,369.7,736.25,1375.9
ADANIPOWER,,68.6,47.75,24.45,89.3,560.45
ADFFOODS,,10.05,11.95,44.9,185.2,191.6
ADL,,,,,28.75,84.7
ADORWELD,82.8,131.4,219.2,404.9,312.7,1401.05
ADROITINFO,,,,30.8,9.1,15.6
ADSL,90.65,23.8,19.65,20.75,45.8,144.2
ADVANIHOTR,,15.0,21.5,28.0,29.3,75.45
ADVENZYMES,,,,219.8,353.1,359.75
AEGISLOG,3.55,15.0,65.85,256.7,301.25,435.45
AEROFLEX,,,,,,130.8
AERON_SME,,,,,,
AESTHETIK_SME,,,,,,
AETHER,,,,,,798.45
AFCONS,,,,,,
AFFLE,,,,,1120.45,1078.9
AFFORDABLE,,,,,,
AFIL,,,,,,
AGARIND,,,97.45,341.0,158.75,840.9
AGARWALEYE,,,,,,
AGARWALFT_SME,,,,,,54.35
AGARWALTUF_SME,,,,,,
AGI,,147.1,444.75,379.95,159.2,772.95
AGIIL,,,,,,
AGNI_SME,,,,,,61.55
AGRITECH,,,5.75,122.35,31.85,216.65
AGROPHOS,,,,34.15,12.25,40.65
AGSTRA,,,,,,70.75
AGUL_SME,,,,,,57.05
AHIMSA_SME,,,,,,
AHL,,,,,,277.0
AHLADA,,,,,96.05,115.9
AHLEAST,,200.55,128.15,178.65,106.65,150.15
AHLUCONT,,68.45,251.3,368.65,302.25,1035.45
AIAENG,125.6,362.1,1214.1,1441.9,2053.35,3988.05
AIIL,,,,,,
AILIMITED_SME,,,,,,37.65
AIMTRON_SME,,,,,,
AIRAN,,,,236.5,15.8,24.35
AIROLAM,,,,45.75,,165.2
AISL_SME,,,,103.0,35.0,
AJANTPHARM,4.6,43.75,815.55,934.6,1165.65,2238.6
AJAXENGG,,,,,,
AJMERA,,121.2,118.45,249.0,120.1,743.7
AJOONI,,,,6.2,6.3,6.15
AKANKSHA_SME,,,,,,81.3
AKASH,,,,,209.85,32.85
AKG,,,,,63.2,19.6
AKI,,,,,,21.1
AKIKO_SME,,,,,,
AKSHAR,,,,,,2.35
AKSHARCHEM,,,,610.25,248.65,261.0
AKSHOPTFBR,10.4,15.3,14.7,32.9,5.85,8.45
AKUMS,,,,,,
AKZOINDIA,,807.2,1400.7,1807.15,2371.05,2417.1
ALANKIT,,,,44.6,16.15,18.3
ALBERTDAVD,,,,376.65,389.5,1124.6
ALEMBICLTD,15.55,8.15,36.45,54.65,105.3,89.4
ALICON,,59.65,281.05,586.65,430.8,865.2
ALIVUS,,,,,,785.05
ALKALI,232.7,30.6,33.95,68.0,53.05,108.5
ALKEM,,,,1919.45,2775.45,5009.05
ALKYLAMINE,11.0,17.0,131.5,246.0,2303.45,1902.05
ALLCARGO,98.75,16.5,39.9,37.95,31.7,73.45
ALLDIGI,28.2,12.25,21.6,326.9,326.3,733.05
ALLETEC_SME,,,,,,255.35
ALMONDZ,2.6,2.1,1.8,3.9,4.9,18.2
ALOKINDS,,,,,20.85,27.1
ALPA,7.7,9.15,11.8,40.65,36.9,90.45
ALPEXSOLAR_SME,,,,,,397.9
ALPHA,,,,,,46.37
ALPHAETF,,,,,,23.65
ALPHAGEO,94.1,60.05,419.75,770.25,179.35,335.6
ALPL30IETF,,,,,143.35,270.76
ALPSINDUS,7.2,2.2,1.85,3.25,1.7,1.9
ALUWIND_SME,,,,,,
AMBANIORGO_SME,,,,,,
AMBER,,,,1081.9,3247.55,3689.15
AMBEY_SME,,,,,,
AMBICAAGAR,,,,,,26.7
AMBIKCO,48.6,149.15,802.6,1303.1,911.1,1501.7
AMBUJACEM,71.75,172.1,260.25,240.2,311.0,621.5
AMDIND,19.75,14.95,22.3,28.25,17.5,60.7
AMEYA_SME,,,,,,53.3
AMIABLE_SME,,,,,,78.0
AMIORG,,,,,,1113.95
AMJLAND,8.75,16.5,25.0,23.25,22.4,37.75
AMJUMBO_SME,,,,,,
AMNPLST,,,,,,170.05
AMRUTANJAN,,76.9,259.15,277.9,575.7,622.5
ANANDRATHI,,,,,,1810.25
ANANTRAJ,47.4,58.85,40.05,48.4,55.95,324.05
ANDHRAPAP,8.0,36.2,68.5,60.1,44.9,99.9
ANDHRSUGAR,12.45,27.2,19.25,89.35,60.8,99.45
ANGELONE,,,,,294.55,3025.5
ANIKINDS,19.15,28.0,24.05,32.15,15.0,44.55
ANKITMETAL,,,3.15,,1.05,3.7
ANLON_SME,,,,,,400.0
ANMOL,,,,,,45.75
ANNAPURNA_SME,,,,,,378.85
ANSALAPI,,35.65,23.8,20.55,6.15,9.55
ANTGRAPHIC,0.35,0.25,0.15,0.9,,1.65
ANUHPHR,,,,,,
ANUP,,,,,291.8,1580.05
ANURAS,,,,,516.95,880.0
ANYA_SME,,,,,,
AONETOTAL,,,,,,
APARINDS,79.25,166.05,373.45,749.2,483.15,6950.1
APCL,,,,187.45,214.85,178.1
APCOTEXIND,,14.6,99.15,205.0,183.8,446.95
APEX,,,,665.0,220.2,202.9
APEXECO_SME,,,,,,
APLAPOLLO,,18.2,42.9,204.8,663.4,1503.3
APLLTD,,49.0,454.7,544.05,987.15,1008.95
APOLLO,,,,25.3,9.9,100.05
APOLLOHOSP,197.75,620.45,1390.0,1098.2,2894.05,6457.25
APOLLOPIPE,,,,,339.85,651.45
APOLLOTYRE,18.35,79.3,175.2,277.4,236.05,465.3
APOLSINHOT,,,97.6,661.5,566.0,1778.25
APRAMEYA_SME,,,,,,
APS_SME,,,,,,226.0
APTECHT,64.55,57.25,42.65,185.95,159.25,241.95
APTUS,,,,,,331.15
ARABIAN_SME,,,,,,87.8
ARCHIDPLY,14.45,10.8,35.35,78.65,30.9,86.15
ARCHIES,9.35,24.3,19.25,33.95,10.65,30.65
ARE&M,19.1,149.3,843.9,810.6,860.5,795.0
ARENTERP,,,,,10.75,39.9
ARHAM_SME,,,,,,91.95
ARIES,28.7,77.05,112.7,183.4,82.95,261.1
ARIHANTACA_SME,,,,,,151.0
ARIHANTCAP,,,,,,59.25
ARIHANTSUP,,,,117.05,35.95,355.55
ARISTO_SME,,,,,,69.35
ARKADE,,,,,,
ARMANFIN,,,,320.1,609.55,1950.6
AROGRANITE,,24.45,60.15,56.95,41.85,46.85
ARROWGREEN,,,,381.95,70.65,400.9
ARSHIYA,,144.0,40.0,78.55,34.25,6.5
ARSSINFRA,,110.3,36.3,45.6,20.4,18.35
ARTEMISMED,,,,,21.7,174.55
ARTNIRMAN,,,,,,52.25
ARVEE,,,,,58.15,140.35
ARVIND,14.0,82.9,267.2,396.0,69.1,274.5
ARVINDFASN,,,,,144.75,452.7
ARVINDPORT_SME,,,,,,48.3
ARVSMART,,,,189.75,98.85,706.75
ASAHIINDIA,40.0,58.1,142.45,344.35,307.05,553.15
ASAHISONG,,87.05,115.85,335.05,323.6,323.05
ASAL,,47.0,43.95,80.15,34.3,594.55
ASALCBR,,,,,441.1,497.75
ASCOM_SME,,,,,,
ASHALOG_SME,,,,,,
ASHAPURMIN,25.7,9.1,74.05,71.1,106.5,381.75
ASHIANA,,34.75,249.5,159.4,128.4,285.0
ASHIMASYN,2.5,3.95,8.25,26.95,16.1,19.25
ASHOKA,,45.2,122.5,170.75,100.6,160.05
ASHOKAMET,,,,,,18.85
ASHOKLEY,9.2,30.95,74.05,148.1,118.15,174.65
ASIANENE,,,,,,284.35
ASIANHOTNR,,190.85,105.15,297.0,62.8,134.6
ASIANPAINT,78.6,326.35,821.7,1150.15,2551.75,2871.0
ASIANTILES,16.9,,123.05,478.1,158.5,61.9
ASKAUTOLTD,,,,,,283.05
ASLIND_SME,,,,,,
ASMS,,,,,,18.25
ASPINWALL,,,,398.8,191.8,263.85
ASPIRE_SME,,,,,,
ASTEC,,29.95,149.2,598.5,1019.65,1110.5
ASTERDM,,,,167.15,138.55,408.05
ASTRAL,1.65,17.25,201.9,415.1,1264.0,2029.7
ASTRAMICRO,32.6,36.75,150.05,75.75,132.8,627.85
ASTRAZEN,571.3,2146.65,920.35,939.35,3429.85,5200.6
ASTRON,,,,109.2,43.1,20.2
ATALREAL,,,,,,14.1
ATAM,,,,,,182.95
ATFL,93.2,451.65,629.25,640.15,833.25,696.2
ATGL,,,,,1060.65,969.55
ATL,,,,,,57.15
ATLANTAA,8.35,57.95,68.6,79.55,6.9,23.7
ATLASCYCLE,,,,,,
ATMASTCO_SME,,,,,,152.85
ATUL,43.5,195.0,1153.05,2629.4,7415.35,5797.2
ATULAUTO,,,566.25,438.8,180.25,499.75
AUBANK,,,,321.2,633.95,589.35
AURDIS_SME,,,,,,205.2
AURIONPRO,30.0,57.3,108.8,108.3,66.6,1151.05
AUROIMPEX_SME,,,,,,72.65
AUROPHARMA,18.45,57.0,623.7,592.55,881.3,1113.35
AURUM,,,,490.75,69.1,136.55
AUSL_SME,,,,,,
AUSOMENT,,,21.7,71.8,48.95,94.2
AUTOAXLES,84.5,501.1,810.2,1487.3,1096.0,1800.45
AUTOBEES,,,,,,217.5
AUTOIETF,,,,,,21.71
AUTOIND,60.3,172.95,63.6,64.15,42.65,116.85
AVADHSUGAR,,,,236.2,188.8,555.75
AVALON,,,,,,506.35
AVANTEL,,,,,,
AVANTIFEED,,6.65,,795.35,418.5,501.9
AVG,,,,,,575.45
AVIANSH_SME,,,,,,
AVL,,,,,,
AVONMORE,,,,,,9.3
AVPINFRA_SME,,,,,,77.65
AVROIND,,,,,,112.45
AVSL_SME,,,,,,149.75
AVTNPL,2.7,18.55,27.9,38.1,46.35,86.3
AWFIS,,,,,,
AWHCL,,,,,252.8,490.95
AWL,,,,,,340.2
AXISBANK,83.65,230.95,569.65,499.05,713.0,1053.1
AXISBNKETF,,,,,338.02,481.62
AXISBPSETF,,,,,,11.62
AXISCADES,,84.9,339.65,144.55,42.7,622.85
AXISCETF,,,,,,102.65
AXISGOLD,,2753.2,2483.15,2703.0,39.21,58.34
AXISHCETF,,,,,,123.47
AXISILVER,,,,,,76.44
AXISNIFTY,,,,1025.03,154.61,241.99
AXISTECETF,,,,,278.98,370.05
AXITA,,,,,,16.3
AXSENSEX,,,,,,74.83
AYMSYNTEX,,,,61.7,48.75,94.6
AZAD,,,,,,1348.8
BABAFP_SME,,,,,,56.35
BAFNAPH,,,,,130.6,80.25
BAGFILMS,12.1,4.55,3.0,4.65,2.05,8.55
BAHETI_SME,,,,,,193.5
BAIDFIN,,,,,,20.85
BAJAJ-AUTO,317.2,1655.2,2019.8,2808.95,3743.05,9042.15
BAJAJCON,,118.05,466.95,471.4,268.6,219.6
BAJAJELEC,30.25,197.4,232.4,574.7,992.5,927.85
BAJAJFINSV,17.9,63.6,142.75,526.75,978.95,1646.0
BAJAJHCARE,,,,,,303.9
BAJAJHFL,,,,,,
BAJAJHIND,50.5,31.15,14.6,9.15,6.4,31.9
BAJAJHLDNG,297.05,829.2,1299.9,2622.85,3338.7,8407.55
BAJAJINDEF,,,,,,
BAJEL,,,,,,217.9
BAJFINANCE,,83.45,414.0,1818.6,5272.15,7250.95
BALAJEE,,,,,,
BALAJIPHOS_SME,,,,,,
BALAJITELE,29.0,42.5,67.5,131.95,59.0,77.5
BALAMINES,12.5,38.25,83.45,590.15,1787.15,2098.45
BALAXI,,,,,110.15,108.6
BALCO_SME,,,,,,
BALKRISHNA,,,,75.95,19.3,23.65
BALKRISIND,14.9,137.65,327.5,1080.9,1681.8,2284.75
BALMLAWRIE,23.4,53.15,96.15,147.15,133.7,249.35
BALPHARMA,,19.5,68.85,81.2,55.25,96.8
BALRAMCHIN,56.1,57.35,50.0,78.45,214.1,377.4
BALUFORGE,,,,,,
BANARBEADS,,,39.25,59.0,50.3,96.3
BANARISUG,669.65,601.95,849.85,1705.7,1640.0,2365.75
BANCOINDIA,9.6,31.9,53.4,111.1,73.8,302.2
BANDHANBNK,,,,475.7,350.9,187.85
BANG,72.95,15.95,6.35,29.35,27.55,46.85
BANKA,,,,,62.7,97.95
BANKBARODA,46.5,159.0,168.9,141.9,75.6,266.75
BANKBEES,419.38,1031.79,1859.78,2459.55,341.52,485.1
BANKBETF,,,,,,47.48
BANKETF,,,,,,476.14
BANKETFADD,,,,,,47.84
BANKIETF,,,,,335.85,48.0
BANKINDIA,220.3,367.0,205.75,104.65,69.9,140.85
BANKNIFTY1,,,184.52,248.74,344.84,485.02
BANKPSU,,,,,,
BANSALWIRE,,,,,,
BANSWRAS,8.65,35.6,31.95,51.8,53.0,150.1
BARBEQUE,,,,,,521.95
BARFLEX_SME,,,,,,
BASF,183.95,513.2,1124.65,1947.35,2136.9,3551.45
BASILIC_SME,,,,,,376.35
BASML,15.9,28.25,95.8,121.0,62.25,44.4
BATAINDIA,56.65,404.05,547.35,753.65,1425.05,1369.2
BAWEJA_SME,,,,,,105.25
BAYERCROP,,791.45,3304.55,4344.65,5313.1,5543.0
BBETF0432,,,,,,1139.94
BBL,224.7,298.65,314.9,755.65,562.35,3174.5
BBNPNBETF,,,,,,
BBNPPGOLD,,,,,,68.1
BBOX,,36.25,18.6,21.05,271.1,235.1
BBTC,28.6,116.95,449.15,1238.0,1145.45,1608.85
BBTCL,,,,,80.0,266.15
BCG,,,,2.3,3.9,15.2
BCLIND,,,,,10.65,59.85
BCONCEPTS,,,,51.0,31.3,704.55
BDL,,,,196.1,168.95,886.95
BEACON_SME,,,,,,
BEARDSELL,,6.4,,50.95,9.9,36.95
BECTORFOOD,,,,,345.4,1119.8
BEDMUTHA,,18.25,17.95,18.55,21.0,213.25
BEL,9.05,15.4,35.3,48.25,42.05,211.1
BEML,424.15,621.55,1139.2,1083.15,1319.55,3236.2
BEPL,6.5,15.05,14.85,119.4,101.95,93.55
BERGEPAINT,10.45,32.05,128.1,218.6,636.95,566.45
BESTAGRO,,,,,429.7,
BETA_SME,,,,125.15,123.0,1270.0
BEWLTD_SME,,,,,,395.9
BFINVEST,,45.4,172.7,287.85,280.3,545.85
BFSI,,,,,,21.55
BFUTILITIE,318.05,408.9,736.05,392.2,256.8,818.1
BGLOBAL,,7.3,3.05,4.3,,4.1
BGRENERGY,153.35,348.8,122.3,104.6,45.25,36.5
BHAGCHEM,,,,,,163.75
BHAGERIA,,,,143.45,158.6,152.5
BHAGYANGR,,,,43.85,44.5,98.1
BHANDARI,,,,2.95,2.35,7.75
BHARATFORG,50.1,157.4,661.3,721.0,613.35,1148.6
BHARATGEAR,11.2,46.4,50.6,117.45,50.65,108.15
BHARATRAS,39.65,120.1,821.4,4474.5,9442.2,8618.25
BHARATWIRE,,,,116.35,35.95,288.95
BHARTIARTL,614.85,340.3,402.3,395.1,520.8,1217.35
BHARTIHEXA,,,,,,
BHEL,196.05,173.85,153.8,82.45,50.95,253.75
BIGBLOC,,,,17.0,10.45,109.8
BIKAJI,,,,,,496.0
BIKEWO_SME,,,,,,
BIL,20.6,55.55,419.35,404.35,188.55,312.1
BINANIIND,,,,,,14.6
BIOCON,24.3,40.1,77.65,299.25,410.55,269.7
BIOFILCHEM,,,,13.85,69.1,68.1
BIRDYS_SME,,,,,,
BIRLACABLE,7.85,10.35,53.7,63.9,62.95,249.05
BIRLACORPN,178.2,285.5,414.7,756.4,974.1,1479.15
BIRLAMONEY,,14.55,28.65,60.6,42.15,100.95
BKMINDST,,,16.2,29.45,0.9,1.8
BLACKBUCK,,,,,,
BLAL,,,,,,245.05
BLBLIMITED,7.75,3.55,3.65,4.8,6.35,30.9
BLISSGVS,,23.6,126.15,197.5,100.85,116.05
BLKASHYAP,13.65,10.4,14.15,44.05,19.4,70.5
BLS,,,,30.05,24.2,327.9
BLSE,,,,,,320.8
BLUECHIP,0.7,0.9,,0.05,0.15,2.65
BLUECOAST,93.1,,,,,9.25
BLUEDART,418.1,1993.85,7285.55,3770.45,5591.2,6140.75
BLUEJET,,,,,,391.4
BLUEPEBBLE_SME,,,,,,
BLUESTARCO,78.35,94.7,155.7,393.1,461.4,1276.9
BMETRICS_SME,,,,,,40.95
BODALCHEM,,10.25,34.65,133.9,93.8,79.0
BOHRAIND,,,,,,19.75
BOMDYEING,34.55,116.45,65.95,246.05,73.35,161.65
BOROLTD,,,,,169.7,371.0
BORORENEW,,,,,249.5,543.5
BOROSCI,,,,,,
BOSCHLTD,3039.3,8155.75,25570.7,18515.0,14178.9,30282.3
BOSS_SME,,,,,,
BPCL,30.4,57.3,134.0,211.7,218.7,300.35
BPL,16.9,17.8,31.75,74.7,23.85,92.05
BRACEPORT_SME,,,,,,
BRIGADE,24.45,39.55,96.05,175.65,267.35,956.55
BRIGHT_SME,,,,,11.7,8.55
BRITANNIA,139.95,295.9,1088.8,2553.5,3618.5,4895.2
BRNL,,,,186.55,29.2,58.55
BROOKS,,17.15,39.3,82.45,60.25,97.9
BSE,,,,257.4,194.5,2709.9
BSE500IETF,,,,,203.97,34.26
BSHSL,,,,,14.0,237.3
BSL,10.25,16.3,31.0,57.5,34.2,182.0
BSLGOLDETF,,2825.0,2501.5,2852.1,4128.45,61.45
BSLNIFTY,,,,104.15,163.93,25.59
BSLSENETFG,,,,,,73.45
BSOFT,13.25,79.9,188.5,223.45,262.15,761.75
BTML,,,,,7.8,17.7
BULKCORP_SME,,,,,,
BURNPUR,8.3,6.8,9.15,7.95,2.15,5.85
BUTTERFLY,,,192.35,504.55,550.5,793.8
BVCL,14.5,12.65,17.7,28.85,18.1,53.9
BYKE,,125.9,,175.4,18.85,57.0
C2C_SME,,,,,,
CADSYS_SME,,,,92.0,19.95,234.95
CALSOFT,14.8,16.35,,42.85,8.8,14.7
CAMLINFINE,,,91.1,105.4,139.7,96.35
CAMPUS,,,,,,226.9
CAMS,,,,,1836.5,2992.2
CANARYS_SME,,,,,,32.05
CANBK,32.7,93.95,76.2,52.85,31.25,117.8
CANFINHOME,10.1,22.7,128.95,429.75,611.45,792.25
CANTABIL,,3.4,10.05,23.95,75.8,216.2
CAPACITE,,,,308.85,203.35,263.25
CAPITALSFB,,,,,,352.05
CAPLIPOINT,,,224.55,589.0,452.35,1371.75
CAPTRUST,,,,368.15,97.05,103.2
CARBORUNIV,40.05,156.45,190.0,350.5,506.7,1298.35
CAREERP,,210.15,153.25,112.1,139.8,291.25
CARERATING,,,1579.2,1199.05,430.6,1170.6
CARRARO,,,,,,
CARTRADE,,,,,,707.1
CARYSIL,,,,,323.25,1005.75
CASTROLIND,,,233.65,205.0,124.8,201.4
CBAZAAR_SME,,,,,,21.7
CCCL,,,,,,
CCHHL,,,10.8,12.3,4.45,13.9
CCL,6.95,14.45,184.3,278.5,230.55,588.0
CDSL,,,,149.45,327.8,918.85
CEATLTD,37.1,90.7,826.7,1538.85,1595.8,2652.95
CEIGALL,,,,,,
CELEBRITY,10.2,5.05,12.1,15.25,5.85,18.2
CELLECOR_SME,,,,,,22.05
CELLO,,,,,,785.5
CELLPOINT_SME,,,,,,35.2
CENTENKA,63.15,116.8,157.1,313.95,257.9,413.65
CENTEXT,3.7,2.35,1.25,5.05,4.55,19.85
CENTRALBK,34.55,102.15,106.3,70.65,17.1,63.35
CENTRUM,,,,,28.35,31.6
CENTUM,25.9,49.0,801.9,521.2,378.35,1766.8
CENTURYPLY,30.0,58.85,243.45,331.25,318.25,649.75
CERA,28.5,232.7,2495.3,3364.25,3867.45,6950.5
CEREBRAINT,,,14.8,57.85,52.9,6.6
CESC,21.9,27.5,61.0,98.75,60.55,125.5
CEWATER,,,,,,
CGCL,,4.3,8.65,23.05,98.5,201.9
CGPOWER,74.2,144.8,166.1,79.0,68.75,514.25
CGRAPHICS_SME,,,,,,
CHALET,,,,,152.7,901.4
CHAMBLFERT,42.4,77.5,72.65,163.05,230.35,357.45
CHAMUNDA_SME,,,,,,
CHANDAN_SME,,,,,,
CHAVDA_SME,,,,,,102.85
CHEMBOND,,,,,191.35,490.7
CHEMCON,,,,,413.6,246.8
CHEMFAB,,,,,130.9,672.55
CHEMPLASTS,,,,,,460.25
CHENNPETRO,97.85,157.9,68.95,329.95,103.05,944.3
CHETANA_SME,,,,,,
CHEVIOT,,,,,,1283.65
CHOICEIN,,,,,,280.0
CHOLAFIN,,36.25,119.65,294.7,562.5,1185.4
CHOLAHLDNG,,,,651.9,600.85,1142.15
CIEINDIA,37.9,65.5,215.4,215.65,167.2,472.35
CIGNITITEC,,,440.0,243.1,343.9,1258.6
CINELINE,,,14.9,72.15,32.55,125.9
CINEVISTA,4.05,3.05,3.3,8.6,6.3,19.15
CIPLA,218.85,309.15,709.6,576.25,818.3,1498.65
CLEAN,,,,,,1347.65
CLEDUCATE,,,,41.1,24.0,85.05
CLOUD_SME,,,,,,44.5
CLSEL,,,,,,220.9
CLSL_SME,,,,,,39.55
CMICABLES,,,,225.85,44.25,5.7
CMMIPL_SME,,,,63.0,5.15,1.65
CMNL_SME,,,,,,84.05
CMRSL_SME,,,,,,
CMSINFO,,,,,,389.1
COALINDIA,,341.2,363.0,277.5,132.15,442.05
COASTCORP,,,,,,49.8
COCHINSHIP,,,,253.55,189.2,968.3
COFFEEDAY,,,,303.8,,53.75
COFORGE,53.05,265.85,366.2,881.4,2933.45,5484.05
COLPAL,231.35,572.4,1001.25,1057.2,1562.95,2716.2
COMMITTED_SME,,,,,,61.7
COMMOIETF,,,,,,85.23
COMPINFO,,,,42.3,18.5,4.4
COMPUSOFT,,11.95,9.7,11.25,8.8,25.65
COMSYN,,,,,,67.2
CONCOR,150.3,202.4,506.5,496.5,598.6,902.25
CONCORDBIO,,,,,,1488.15
CONFIPET,,,,,45.1,90.35
CONS,,,,,,102.57
CONSOFINVT,29.7,49.2,40.0,66.7,58.35,238.4
CONSUMBEES,,,35.05,50.37,65.42,111.51
CONSUMER,,,,,,
CONSUMIETF,,,,,,103.32
CONTI_SME,,,,,6.0,23.3
CONTROLPR,,,,432.2,247.25,925.25
COOLCAPS_SME,,,,,,458.0
CORALFINAC,,,,32.4,22.25,38.85
CORDSCABLE,32.95,30.55,25.8,82.7,41.1,181.75
COROMANDEL,,282.75,268.35,534.7,748.9,1114.45
COSMOFIRST,42.15,59.0,52.85,175.05,424.6,529.05
COUNCODOS,1.95,1.55,1.2,3.05,2.1,5.0
CPS_SME,,,,,,351.0
CPSEETF,,,24.34,27.92,22.89,81.37
CRAFTSMAN,,,,,1449.05,4364.6
CRAYONS_SME,,,,,,172.0
CREATIVE,,,,,103.3,739.6
CREATIVEYE,3.5,4.7,3.45,,,4.25
CREDITACC,,,,,666.9,1408.7
CREST,54.7,65.05,,189.4,84.1,389.45
CRISIL,274.5,983.45,2030.7,1853.85,1788.95,4956.4
CROMPTON,,,,232.6,393.25,270.15
CROWN,,,,,,217.1
CSBBANK,,,,,236.2,367.75
CSLFINANCE,,,,,,462.65
CTE,14.5,8.4,17.05,65.05,25.55,87.5
CUB,10.35,40.8,81.25,158.9,161.1,139.85
CUBEXTUB,,8.75,,19.05,17.75,101.3
CUMMINSIND,130.15,491.5,889.9,715.95,895.35,3003.4
CUPID,,,,10.1,10.7,117.45
CYBERMEDIA,24.4,,,11.85,9.45,22.8
CYBERTECH,8.5,11.85,33.4,63.0,124.8,146.35
CYIENT,43.55,153.6,514.1,687.7,665.65,2006.65
CYIENTDLM,,,,,,704.85
DABUR,48.75,105.95,266.55,335.9,538.65,529.15
DALBHARAT,,,,,1560.35,1992.3
DALMIASUG,,13.85,17.15,67.3,184.3,361.55
DAMCAPITAL,,,,,,
DAMODARIND,,,,66.6,24.2,43.8
DANGEE,,,,,8.7,8.9
DANISH_SME,,,,,,
DATAMATICS,,27.55,72.15,105.3,122.55,578.35
DATAPATTNS,,,,,,2563.55
DAVANGERE,,,,,,7.9
DBCORP,,214.35,369.45,313.15,91.5,271.5
DBEIL,,,,,,
DBL,,,,1114.25,595.0,458.55
DBOL,,,,,,124.6
DBREALTY,,88.9,66.3,48.35,24.55,206.15
DBSTOCKBRO,,105.5,47.55,,8.75,41.25
DCAL,,,,315.05,113.45,243.35
DCBBANK,22.15,46.8,114.45,163.5,104.35,126.1
DCG_SME,,,,,,
DCI,,,,,,189.7
DCM,15.7,95.35,87.0,94.5,24.45,74.75
DCMFINSERV,,,,,,4.7
DCMNVL,,,,,86.55,205.55
DCMSHRIRAM,25.15,45.25,112.8,448.75,517.6,888.05
DCMSRIND,,,,,,187.7
DCW,8.25,11.05,17.15,32.2,28.15,53.45
DCXINDIA,,,,,,302.55
DDEVPLSTIK,,,,,,
DECCANCE,70.0,89.95,160.8,515.65,423.7,622.6
DECCANTRAN_SME,,,,,,
DEEDEV,,,,,,
DEEM_SME,,,,,,119.4
DEEPAKFERT,57.15,151.1,139.95,293.35,234.55,522.15
DEEPAKNTR,,14.65,69.95,259.85,1646.75,2142.3
DEEPENR,,64.75,51.9,152.5,35.5,183.75
DEEPINDS,,,,,,311.25
DELAPLEX_SME,,,,,,229.4
DELHIVERY,,,,,,449.65
DELPHIFX,,55.65,300.0,1060.2,475.5,225.45
DELTACORP,30.45,69.9,82.35,242.95,169.05,124.85
DELTAMAGNT,,,37.45,,31.45,103.4
DELTIC_SME,,,,,,
DEN,,108.95,122.4,105.2,49.2,51.0
DENEERS_SME,,,,,,226.0
DENORA,40.1,121.85,133.6,435.25,254.1,1669.9
DENTA,,,,,,
DENTALKART_SME,,,,,,510.3
DESTINY_SME,,,,,,
DEVIT,,,,,,105.45
DEVYANI,,,,,,155.3
DGCONTENT,,,,,7.45,22.45
DHAMPURSUG,28.25,43.2,36.35,140.05,185.6,220.3
DHANBANK,51.55,70.3,31.75,22.1,15.55,42.75
DHANI,21.4,9.25,37.3,249.9,172.35,39.85
DHANLAXMI_SME,,,,,,
DHANUKA,,83.75,660.15,574.1,717.15,1005.6
DHARIWAL_SME,,,,,,
DHARMAJ,,,,,,237.05
DHRUV,,,,,,116.25
DHTL_SME,,,,,,213.4
DHUNINV,,63.0,99.85,401.75,272.05,1194.75
DIACABS,,,,,,54.3
DIAMINESQ,,,,,,520.45
DIAMONDYD,,,,1322.5,593.95,934.8
DICIND,116.8,281.55,341.95,480.85,394.9,431.25
DIFFNKG,,,,,,
DIGIDRIVE,,,,,,40.7
DIGIKORE_SME,,,,,,570.0
DIGISPICE,10.1,67.35,27.25,16.4,48.1,25.65
DIGJAMLMTD,,,,,,87.15
DIL,,,,,,7.7
DISHTV,24.7,65.4,84.15,72.7,10.3,17.8
DIVGIITTS,,,,,,777.85
DIVISLAB,235.9,382.8,901.15,1090.35,3616.1,3567.95
DIVOPPBEES,,,,28.21,37.99,73.44
DIVYADHAN_SME,,,,,,
DIXON,,,,649.35,3588.05,7592.05
DJML,,,,,,56.4
DKEGL_SME,,,,,,56.8
DLF,177.1,208.0,159.7,201.0,291.8,948.25
DLINKINDIA,,21.1,164.75,81.85,106.15,286.55
DMART,,,,1357.3,2912.7,4483.3
DMCC,,,,,,294.0
DNAMEDIA,,,,7.8,0.75,4.65
DODLA,,,,,,835.15
DOLATALGO,,,,,70.65,74.65
DOLLAR,,,,399.85,234.95,513.15
DOLLEX_SME,,,,,,36.9
DOLPHIN,,,,,,312.45
DOMS,,,,,,1578.15
DONEAR,17.65,17.8,15.35,51.85,31.2,102.9
DPABHUSHAN,,,,69.1,121.15,855.1
DPEL_SME,,,,,,
DPSCLTD,0.8,15.9,16.85,27.05,12.45,16.15
DPWIRES,,,,,92.6,458.0
DRCSYSTEMS,,,,,10.25,20.2
DREAMFOLKS,,,,,,496.7
DREDGECORP,240.95,276.7,393.4,608.6,383.4,713.55
DRL_SME,,,,,,
DRONE_SME,,,,,,136.15
DRREDDY,96.4,347.65,706.75,426.4,917.55,1250.05
DRSDILIP_SME,,,,,,
DSSL,,4.35,9.5,37.7,72.6,1051.75
DTIL,,,146.05,188.25,172.95,198.5
DTL_SME,,,,,,
DUCOL_SME,,,,,,97.0
DUCON,,,2.75,28.65,5.4,7.45
DUGLOBAL_SME,,,,,,73.0
DURLAX_SME,,,,,,
DVL,,111.0,45.45,135.85,98.5,337.55
DWARKESH,4.3,3.9,2.05,26.2,31.6,73.1
DYCL,,,,,,386.65
DYNAMATECH,519.55,785.75,3920.55,1730.15,1054.75,7998.95
DYNAMIC_SME,,,,,,108.5
DYNPRO,,,,189.15,509.05,273.4
E2E,,,,,39.85,914.4
EASEMYTRIP,,,,,6.7,22.0
EASTSILK,7.75,3.95,1.75,3.85,1.55,
EBANKNIFTY,,,,,,
EBBETF0425,,,,,1033.99,1196.12
EBBETF0430,,,,,1136.75,1351.07
EBBETF0431,,,,,1021.55,1211.4
EBBETF0433,,,,,,1110.03
ECAPINSURE,,,,,,
ECLERX,41.25,367.45,800.35,803.55,738.95,2393.25
ECOSMOBLTY,,,,,,
EDELWEISS,26.1,28.8,66.6,250.95,66.45,66.0
EDUCOMP,439.9,199.55,13.55,4.5,2.5,3.35
EFACTOR_SME,,,,,,147.95
EFFWA_SME,,,,,,
EFORCE_SME,,,,,,93.85
EGOLD,,,,,,70.75
EICHERMOT,21.85,210.5,1601.95,2828.9,2631.15,3946.65
EIDPARRY,72.6,195.55,171.2,283.3,324.35,574.6
EIEL,,,,,,
EIFFL,,,,144.75,81.0,133.65
EIHAHOTELS,26.0,77.2,114.0,242.0,120.3,385.75
EIHOTEL,86.1,86.0,109.5,161.3,95.5,474.9
EIMCOELECO,139.0,172.55,409.5,433.5,339.95,1579.8
EKC,127.1,31.5,11.05,43.3,81.65,146.05
ELDEHSG,,,,,,800.35
ELECON,16.35,30.45,37.2,39.7,33.75,488.75
ELECTCAST,15.3,21.55,19.4,29.3,25.7,181.3
ELECTHERM,100.8,60.7,24.0,136.05,112.95,549.75
ELGIEQUIP,8.45,38.0,75.0,137.3,197.2,592.1
ELGIRUBCO,,20.0,28.05,42.75,27.2,53.1
ELGNZ_SME,,,,,,
ELIN,,,,,,142.9
EMAMILTD,34.7,132.8,498.2,546.0,488.05,439.85
EMAMIPAP,,,,,125.7,118.05
EMAMIREAL,,19.4,40.05,287.35,41.65,110.6
EMAPARTNER_SME,,,,,,
EMBDL,101.05,65.9,67.65,179.75,88.3,117.9
EMCURE,,,,,,
EMIL,,,,,,193.05
EMKAY,31.1,30.35,60.55,154.75,68.25,123.15
EMKAYTOOLS_SME,,,,76.0,,
EMMBI,,13.3,17.5,189.7,84.4,96.3
EMMIL_SME,,,,,,
EMSLIMITED,,,,,,422.5
EMUDHRA,,,,,,737.6
EMULTIMQ,,,,,,
ENDURANCE,,,,1264.65,1440.75,1826.3
ENERGYDEV,41.2,33.3,16.0,18.8,9.0,23.05
ENFUSE_SME,,,,,,103.15
ENGINERSIN,260.3,127.9,100.3,161.05,78.4,210.75
ENIL,115.8,220.3,793.4,714.8,146.5,277.55
ENSER_SME,,,,,,6.2
ENTERO,,,,,,1001.65
ENVIRO_SME,,,,,,
EPACK,,,,,,158.75
EPIGRAL,,,,,,1164.1
EPL,6.5,14.0,61.5,119.9,235.15,182.45
EQUAL200,,,,,,
EQUAL50ADD,,,,,,289.94
EQUIPPP,,,,,,29.7
EQUITASBNK,,,,,61.85,93.9
ERIS,,,,800.85,604.3,850.05
EROSMEDIA,,189.9,424.75,171.8,25.45,21.2
ESABINDIA,306.5,540.85,695.35,724.9,1830.8,5361.95
ESAFSFB,,,,,,57.85
ESCONET_SME,,,,,,174.85
ESCORTS,35.6,72.85,126.95,882.5,1274.05,2858.5
ESFL_SME,,,,,,144.75
ESG,,,,,25.27,37.57
ESILVER,,,,,,77.3
ESPRIT_SME,,,,,,
ESSARSHPNG,,27.15,21.7,23.2,8.15,21.5
ESSENTIA,,,,,,3.45
ESTER,,20.35,16.5,69.85,119.3,94.4
ETHOSLTD,,,,,,2579.15
ETML_SME,,,,,,
EUREKAFORB,,,,,,
EUROBOND_SME,,,,,,174.0
EUROTEXIND,,23.1,22.8,35.95,7.8,14.85
EVEREADY,18.05,23.7,270.45,378.35,275.8,339.0
EVERESTIND,50.6,129.15,322.5,496.0,292.45,1086.3
EVINDIA,,,,,,
EXCEL,,0.5,0.4,1.25,0.15,0.5
EXCELINDUS,27.0,67.75,291.7,924.4,850.8,808.85
EXCELLENT_SME,,,,,,
EXICOM,,,,,,201.7
EXIDEIND,41.6,145.95,178.15,228.8,185.8,310.55
EXPLEOSOL,,42.2,590.95,484.05,546.45,1273.7
EXXARO,,,,,,9.1
FACT,22.1,30.7,30.15,53.3,112.25,666.25
FAIRCHEMOR,,,,,747.65,1263.45
FALCONTECH_SME,,,,,,
FAZE3Q,,,,,,390.8
FCL,,,23.5,61.25,67.2,372.0
FCONSUMER,,,12.1,55.45,6.6,0.8
FCSSOFT,1.1,0.45,0.3,0.35,0.7,3.8
FDC,33.95,78.45,153.25,257.65,287.8,433.8
FEDERALBNK,14.3,43.1,66.6,90.2,78.85,152.35
FEDFINA,,,,,,119.5
FEL,162.75,152.55,102.2,37.15,8.7,0.65
FELDVR,108.95,95.15,47.8,36.0,10.8,4.5
FELIX_SME,,,,,45.75,343.25
FIBERWEB,,,,,,36.4
FIDEL_SME,,,,,,114.95
FIEMIND,23.5,71.95,320.45,447.4,286.7,1144.45
FILATEX,,3.5,2.9,17.2,34.95,61.6
FILATFASH,,,,,,
FINCABLES,20.35,32.3,289.6,685.65,388.75,977.0
FINEORG,,,,,2290.25,4209.8
FINIETF,,,,,,23.4
FINOPB,,,,,,292.8
FINPIPE,5.7,10.3,57.9,130.95,130.95,249.05
FIRSTCRY,,,,,,
FIVESTAR,,,,,,738.65
FLAIR,,,,,,265.75
FLEXITUFF,,249.6,239.75,54.4,19.45,46.25
FLFL,,,71.0,412.85,51.3,1.95
FLUOROCHEM,,,,,610.65,3203.05
FMCGIETF,,,,,,560.5
FMGOETZE,36.15,269.85,427.8,444.45,288.45,338.6
FMNL,,30.0,10.8,120.45,12.5,5.85
FOCE_SME,,,,,,775.0
FOCUS,,,,,,150.7
FONEBOX_SME,,,,,,144.4
FOODSIN,,,,,,140.35
FORCAS_SME,,,,,,
FORCEMOT,,,,,1197.65,7540.95
FORGEAUTO_SME,,,,,,
FORTIS,67.2,101.25,168.9,128.15,202.25,428.95
FOSECOIND,220.0,709.45,1107.9,1542.55,1195.75,3051.6
FRESHARA_SME,,,,,,
FRETAIL,,,,549.3,44.75,2.15
FROG_SME,,,,,,171.0
FSC,,,,667.1,66.35,6.65
FSL,16.9,10.5,31.25,54.55,118.1,200.15
FUSION,,,,,,482.2
GABRIEL,4.1,21.7,90.9,153.5,103.1,359.85
GAEL,3.7,5.6,9.5,60.2,67.6,165.5
GAIL,46.75,70.75,72.15,108.25,93.45,182.35
GAJANAND_SME,,,,,,
GALAPREC,,,,,,
GALAXYSURF,,,,1492.15,2546.35,2350.6
GALLANTT,11.0,18.85,23.8,40.1,46.55,197.5
GANDHAR,,,,,,220.9
GANDHITUBE,34.75,134.6,255.95,360.15,274.55,751.65
GANECOS,,,152.25,352.55,590.8,1011.35
GANESHBE,,,,,,190.35
GANESHHOUC,27.0,77.15,82.3,126.95,58.4,774.45
GANESHIN_SME,,,,,,
GANGAFORGE,,,,,4.15,9.1
GANGESSECU,,,,72.65,60.25,121.9
GANGOTRI,3.45,3.4,,,,1.2
GARFIBRES,7.1,9.85,37.4,187.75,523.25,659.3
GARUDA,,,,,,
GATECH,,,,8.15,,1.2
GATECHDVR,,,,,1.75,3.15
GATEWAY,,,,,,105.25
GAYAHWS,,,,,0.6,1.1
GAYAPROJ,,25.0,30.4,203.4,31.1,7.9
GEECEE,,45.0,46.2,135.85,102.65,272.5
GEEKAYWIRE,,,,7.0,15.9,97.9
GENCON,,,,,45.25,39.65
GENESYS,28.4,130.6,59.9,262.8,98.95,610.35
GENSOL,,,,,,909.6
GENUSPAPER,,,2.0,12.75,7.25,19.3
GENUSPOWER,8.85,11.4,24.85,51.4,50.65,241.8
GEOJITFSL,,19.5,52.05,92.65,51.8,70.05
GEPIL,282.2,361.45,734.8,959.7,286.05,286.6
GESHIP,189.25,251.15,362.0,328.7,315.1,997.35
GFLLIMITED,70.05,526.95,711.45,813.05,75.95,73.8
GFSTEELS,,,,,2.0,8.65
GGBL_SME,,,,,,
GHCL,29.1,33.9,65.8,270.05,229.6,461.25
GHCLTEXTIL,,,,,,79.25
GICHSGFIN,36.3,89.9,228.3,376.05,122.1,212.55
GICL_SME,,,,,,50.1
GICRE,,,,369.8,208.2,344.5
GILLANDERS,,69.4,58.85,64.4,41.15,74.7
GILLETTE,666.0,2540.55,4901.5,6595.25,5689.75,6662.3
GILT5YBEES,,,,,,55.19
GINNIFILA,4.45,5.7,13.05,29.65,20.4,31.8
GIPCL,46.65,68.55,84.75,101.3,76.2,175.85
GIRIRAJ_SME,,,,20.0,17.9,513.8
GKWLIMITED,,402.05,561.0,587.65,514.45,1492.85
GLAND,,,,,2467.9,1813.75
GLAXO,543.3,1138.8,1676.6,1051.9,1432.15,1986.3
GLENMARK,155.6,305.15,788.3,547.45,483.25,982.45
GLFL,2.8,2.3,,,2.5,8.5
GLOBAL,,,,35.0,7.5,95.4
GLOBALE,,,,,,
GLOBALPET_SME,,,,,,103.05
GLOBALVECT,25.25,14.2,42.7,120.85,39.75,125.0
GLOBE,,,,,3.35,3.65
GLOBUSSPR,,102.6,45.6,116.95,331.05,750.35
GLOSTERLTD,,,,,,
GMBREW,23.75,31.8,59.6,699.0,348.7,572.15
GMDCLTD,40.55,189.05,114.8,130.85,58.95,375.05
GMMPFAUDLR,,,,239.2,1479.3,1294.75
GMRAIRPORT,97.65,31.2,16.85,17.45,25.0,83.55
GMRP&UI,,,,,,44.95
GNA,,,,226.0,183.55,400.25
GNFC,61.35,83.0,73.6,388.15,311.95,644.8
GOACARBON,56.65,76.5,73.25,1010.35,299.95,776.55
GOCLCORP,,,159.9,507.1,223.65,472.05
GOCOLORS,,,,,,1202.25
GODAVARIB,,,,,,
GODFRYPHLP,145.3,633.55,442.35,838.9,928.0,3098.85
GODHA,,,,,2.3,0.7
GODIGIT,,,,,,
GODREJAGRO,,,,639.35,518.0,501.9
GODREJCP,42.6,166.75,359.65,743.55,726.3,1228.35
GODREJIND,59.4,273.75,359.2,549.8,539.5,790.35
GODREJPROP,,301.2,258.65,727.65,1391.35,2389.7
GOENKA,,8.25,1.35,0.55,1.9,0.85
GOKEX,75.3,83.1,43.95,88.7,79.15,754.1
GOKUL,41.5,77.75,14.95,13.0,18.7,36.25
GOKULAGRO,,,,19.35,20.3,112.95
GOLD1,1490.16,2688.5,2409.15,269.0,393.3,58.46
GOLD360,,,,,,
GOLDBEES,1490.41,2694.15,2413.6,2745.25,39.1,58.32
GOLDCASE,,,,,,11.03
GOLDENTOBC,42.4,36.55,38.85,57.85,41.4,39.4
GOLDETF,,,,,,68.26
GOLDETFADD,,,,,,68.48
GOLDIAM,2.45,4.7,4.5,12.95,68.1,187.35
GOLDIETF,,2753.6,2494.0,279.0,39.98,60.08
GOLDKART_SME,,,,,,
GOLDSHARE,1484.96,2672.45,2402.8,2743.45,40.05,58.45
GOLDSTAR_SME,,,,,,14.2
GOLDTECH,14.0,6.9,5.5,13.0,9.05,129.25
GOODLUCK,,,80.4,82.8,72.15,951.75
GOPAL,,,,,,360.4
GOYALALUM,,,,,,8.9
GOYALSALT_SME,,,,,,169.95
GPECO_SME,,,,,,
GPIL,2.75,5.6,5.1,22.65,37.95,149.15
GPPL,,59.1,255.6,145.8,99.95,223.95
GPTHEALTH,,,,,,176.7
GPTINFRA,,,,45.65,9.55,84.0
GRANULES,3.8,7.95,92.85,106.15,311.9,437.95
GRAPHISAD_SME,,,,,,41.85
GRAPHITE,25.45,85.4,83.4,762.4,557.4,635.25
GRASIM,309.65,523.9,738.8,1089.25,1454.5,2292.55
GRAVITA,,137.2,37.5,159.15,96.15,1000.95
GRCL_SME,,,,,,250.0
GREAVESCOT,12.75,86.05,144.4,120.5,134.25,130.15
GREENCHEF_SME,,,,,,82.8
GREENLAM,,,86.35,245.8,186.1,523.3
GREENPANEL,,,,,168.15,321.4
GREENPLY,9.2,42.7,187.3,313.85,180.0,243.6
GREENPOWER,,13.1,15.3,9.25,2.1,19.6
GRETEX_SME,,,,,,
GRINDWELL,39.5,136.55,354.7,514.15,934.4,1948.8
GRINFRA,,,,,,1383.6
GRMOVER,,,,,,130.45
GROBTEA,,,,1364.2,801.4,885.3
GROWWDEFNC,,,,,,
GROWWEV,,,,,,
GROWWGOLD,,,,,,
GROWWLIQID,,,,,,
GROWWN200,,,,,,
GROWWRAIL,,,,,,
GRPLTD,,,272.3,302.5,228.3,1631.15
GRSE,,,,,190.55,807.4
GRWRHITECH,,,,,,1818.5
GSEC10ABSL,,,,,,
GSEC10IETF,,,,,,228.25
GSEC10YEAR,,,,,,27.23
GSEC5IETF,,,,,,55.49
GSFC,18.3,87.75,85.85,118.9,87.15,213.5
GSLSU,,,,,,242.25
GSMFOILS_SME,,,,,,
GSPL,39.2,78.45,125.9,188.05,276.3,367.0
GSS,120.8,54.9,19.0,54.85,53.55,132.4
GSTL_SME,,,,,,41.55
GTECJAINX,,,,,24.2,76.0
GTL,239.45,43.25,14.7,11.45,5.5,9.8
GTLINFRA,30.75,10.3,2.3,2.65,0.8,1.65
GTPL,,,,146.8,124.55,174.7
GUFICBIO,3.6,5.05,15.3,113.35,115.9,291.25
GUJALKALI,60.5,126.0,169.15,712.3,353.25,705.4
GUJAPOLLO,61.3,132.8,128.9,211.45,208.6,227.25
GUJGASLTD,,,,167.5,547.8,547.7
GUJRAFFIA,,,,,44.05,41.95
GUJTHEM,,,,,,
GULFOILLUB,,,506.75,881.25,742.2,959.95
GULFPETRO,6.9,15.2,40.6,76.0,38.3,63.1
GULPOLY,,,53.25,58.35,78.9,174.05
GVKPIL,,,,,,10.2
GVPTECH,,,,,,10.85
GVT&D,205.35,188.1,588.4,406.35,121.6,875.9
HAL,,,,574.6,517.8,3403.35
HAPPSTMNDS,,,,,594.55,796.5
HAPPYFORGE,,,,,,921.6
HARDWYN,,,,,,24.95
HARIOMPIPE,,,,,,499.65
HARRMALAYA,39.9,70.9,44.95,76.8,141.95,172.6
HARSHA,,,,,,407.4
HATHWAY,,35.45,49.25,36.25,25.35,21.5
HATSUN,,,170.6,522.5,742.0,1040.95
HAVELLS,14.75,119.1,304.85,507.6,1058.45,1514.45
HAVISHA,,,,,0.7,2.2
HBLENGINE,108.7,15.65,52.75,47.2,34.45,458.65
HBSL,,,,,17.0,86.45
HCC,20.1,26.2,33.05,23.15,8.45,34.3
HCG,,,,303.2,187.05,336.9
HCL-INSYS,76.6,45.15,53.15,53.0,9.25,17.7
HCLTECH,25.2,125.3,470.4,489.75,1002.6,1556.7
HDFCAMC,,,,,2963.35,3785.1
HDFCBANK,100.0,264.2,516.6,965.6,1486.75,1470.5
HDFCBSE500,,,,,,32.81
HDFCGOLD,,2759.5,2481.6,2803.4,40.08,59.99
HDFCGROWTH,,,,,,111.77
HDFCLIFE,,,,482.65,691.0,634.75
HDFCLIQUID,,,,,,1000.0
HDFCLOWVOL,,,,,,18.4
HDFCMID150,,,,,,18.15
HDFCMOMENT,,,,,,31.25
HDFCNEXT50,,,,,,62.16
HDFCNIF100,,,,,,23.4
HDFCNIFBAN,,,,,337.8,48.06
HDFCNIFIT,,,,,,35.83
HDFCNIFTY,,,,1051.63,158.01,246.3
HDFCPSUBK,,,,,,71.0
HDFCPVTBAN,,,,,,23.97
HDFCQUAL,,,,,,52.15
HDFCSENSEX,,,,3370.0,530.47,81.52
HDFCSILVER,,,,,,73.83
HDFCSML250,,,,,,147.66
HDFCVALUE,,,,,,125.66
HDIL,89.95,86.25,103.75,39.75,4.9,4.2
HEADSUP,,,,116.4,12.7,15.6
HEALTHADD,,,,,,121.86
HEALTHIETF,,,,,,123.56
HEALTHY,,,,,,12.39
HECPROJECT,,,,,,71.3
HEG,19.8,46.7,44.05,647.0,316.2,392.0
HEIDELBERG,,39.3,73.85,144.95,239.05,201.45
HEMIPROP,,,,,144.3,208.05
HERANBA,,,,,632.15,308.3
HERCULES,47.45,130.4,177.2,110.35,114.95,530.6
HERITGFOOD,14.05,36.35,163.9,710.65,312.9,338.75
HEROMOTOCO,1039.75,2058.15,2655.85,3646.0,2956.1,4680.75
HESTERBIO,,,485.55,1608.15,1903.4,1446.0
HEUBACHIND,200.2,664.45,828.8,549.05,382.65,452.25
HEXATRADEX,,,25.0,37.8,77.85,152.05
HEXT,,,,,,
HFCL,,12.2,14.65,27.0,26.4,98.6
HGINFRA,,,,303.6,295.55,991.35
HGS,57.1,161.35,286.05,418.0,899.4,786.1
HIGREEN_SME,,,,,,172.0
HIKAL,21.15,36.4,96.2,137.3,159.9,275.5
HIL,120.2,344.9,624.1,1743.7,3017.9,2698.65
HILTON,14.0,14.65,19.25,28.8,9.65,112.2
HIMATSEIDE,25.0,30.85,81.8,355.1,147.3,135.4
HINDALCO,52.85,127.3,132.2,211.25,350.25,568.6
HINDCOMPOS,,145.0,374.85,399.4,270.35,404.9
HINDCON,,,,5.4,4.9,50.7
HINDCOPPER,,271.3,64.95,64.9,125.55,309.85
HINDMOTORS,,10.25,6.75,7.25,6.8,17.25
HINDNATGLS,,192.0,109.85,105.15,32.55,18.05
HINDOILEXP,67.7,119.0,38.5,115.3,98.0,181.55
HINDPETRO,39.05,43.95,96.8,229.65,158.4,312.55
HINDUNILVR,236.45,405.65,883.5,1351.3,2399.1,2285.9
HINDWAREAP,,,,,272.1,400.6
HINDZINC,46.15,132.4,163.65,303.2,280.25,306.15
HIRECT,37.15,40.85,70.0,131.55,125.25,608.6
HISARMETAL,,,,69.55,122.9,184.7
HITECH,,,,36.0,40.2,144.1
HITECHCORP,38.85,55.25,103.05,154.75,122.75,210.45
HITECHGEAR,18.4,144.75,301.8,400.15,173.25,805.9
HLEGLAS,,,,,480.2,433.8
HLVLTD,19.1,33.1,19.0,17.7,6.15,28.15
HMAAGRO,,,,,,53.6
HMT,36.55,42.05,43.05,28.4,31.85,45.4
HMVL,,140.0,224.25,222.5,63.35,110.6
HNDFDS,,,,,425.9,502.2
HNGSNGBEES,,1397.0,2000.0,3500.0,357.0,248.97
HOACFOODS_SME,,,,,,
HOLMARC_SME,,,,,,85.95
HOMEFIRST,,,,,462.35,919.75
HOMESFY_SME,,,,,,468.0
HONASA,,,,,,407.35
HONAUT,781.0,2838.25,8562.35,17189.65,46112.6,38549.8
HONDAPOWER,132.0,375.6,1150.7,1377.45,980.55,2280.6
HOVS,27.0,44.5,152.35,242.9,56.85,62.25
HPAL,,,,,,100.5
HPIL,,,,,,140.0
HPL,,,,128.85,49.15,332.3
HPTL_SME,,,,,,
HRHNEXT_SME,,,,,,30.3
HSCL,9.15,38.45,17.55,151.4,44.0,315.7
HTMEDIA,60.05,138.55,122.65,86.85,22.85,27.7
HUBTOWN,,184.0,100.8,74.4,16.05,135.45
HUDCO,,,,68.2,45.1,200.9
HUHTAMAKI,36.15,65.75,231.15,338.05,287.9,312.6
HVAX_SME,,,,,,
HYBRIDFIN,,,,,,8.75
HYUNDAI,,,,,,
IBLFL_SME,,,,,,54.15
ICDSLTD,,,,,,40.0
ICEMAKE,,,,90.1,67.5,499.85
ICICIB22,,,,35.12,36.55,102.36
ICICIBANK,63.5,161.9,293.75,261.85,594.4,1099.65
ICICIGI,,,,783.95,1437.6,1697.85
ICICIPRULI,,,,384.7,444.35,616.1
ICIL,,1.3,79.75,93.7,130.85,343.45
ICRA,485.95,1146.9,4112.35,3624.3,3308.3,5431.85
IDBI,46.5,105.55,72.8,71.1,39.0,83.35
IDEA,49.55,99.6,189.65,77.8,10.0,14.0
IDEAFORGE,,,,,,726.6
IDEALTECHO_SME,,,,,,
IDENTICAL_SME,,,,,,
IDFC,57.6,134.8,172.7,50.2,47.7,113.2
IDFCFIRSTB,,,,47.95,57.05,77.5
IDFNIFTYET,,,,102.65,156.1,240.77
IEL,,,,,,10.7
IEML_SME,,,,,,
IEX,,,,52.95,115.7,140.3
IFBAGRO,56.8,190.7,262.3,573.65,407.55,427.5
IFBIND,24.55,79.85,621.7,1161.95,1096.8,1559.25
IFCI,20.45,42.25,34.2,20.5,12.6,41.6
IFGLEXPOR,,,,252.8,325.2,581.25
IGARASHI,11.55,39.55,355.25,717.65,285.3,430.9
IGIL,,,,,,
IGL,10.85,37.9,41.2,139.7,263.2,220.2
IGPL,15.95,23.5,55.45,673.8,429.15,453.65
IIFL,62.35,67.9,178.45,703.95,293.95,345.45
IIFLCAPS,,,,,50.45,128.65
IITL,,242.2,74.8,98.7,62.95,201.5
IKIO,,,,,,292.7
IKS,,,,,,
IL&FSENGG,,69.5,91.2,30.15,3.0,34.05
IL&FSTRANS,,202.85,196.95,61.4,2.2,4.2
IMAGICAA,,,,48.85,6.5,81.95
IMFA,,164.2,83.3,231.2,241.1,646.65
IMPAL,53.35,218.95,444.85,720.85,689.2,993.6
IMPEXFERRO,5.05,7.3,2.1,1.0,,3.4
INCREDIBLE,,,,70.7,20.95,38.3
INDBANK,8.0,6.6,10.7,19.95,12.85,44.35
INDGN,,,,,,
INDHOTEL,40.0,64.1,114.55,136.45,112.3,601.4
INDIA VIX,,,13.67,15.35,19.99,12.08
INDIACEM,106.55,109.3,89.05,152.7,169.8,220.4
INDIAGLYCO,47.9,134.45,87.05,470.0,438.65,806.1
INDIAMART,,,,,3986.3,2711.3
INDIANB,83.1,238.15,172.6,302.1,118.1,529.4
INDIANCARD,48.95,123.95,104.9,145.0,134.0,251.4
INDIANHUME,25.5,53.45,135.3,317.85,179.15,278.5
INDIASHLTR,,,,,,604.95
INDIFRA_SME,,,,,,
INDIGO,,,,1328.7,1616.6,3548.95
INDIGOPNTS,,,,,2384.25,1313.3
INDNIPPON,31.4,84.6,212.1,475.15,374.0,728.65
INDOAMIN,,,,,,118.2
INDOBORAX,,,,,,165.9
INDOCO,18.9,54.05,383.7,216.1,288.25,339.3
INDOFARM,,,,,,
INDORAMA,20.5,25.25,19.0,31.2,38.85,43.25
INDOSTAR,,,,,317.15,199.85
INDOTECH,305.9,83.0,176.05,175.7,90.3,993.5
INDOTHAI,,10.55,16.0,69.1,55.35,289.8
INDOUS,,,,,,
INDOWIND,19.55,6.15,4.5,7.65,3.9,20.65
INDRAMEDCO,28.5,35.8,61.15,49.4,56.0,179.9
INDSWFTLAB,24.0,92.3,33.25,58.95,74.9,100.6
INDSWFTLTD,13.6,26.75,5.55,7.1,,19.1
INDTERRAIN,,13.85,123.95,182.85,31.75,73.75
INDUSINDBK,33.25,326.2,925.25,1804.6,993.3,1542.4
INDUSTOWER,,,384.95,337.65,255.45,315.2
INFIBEAM,,,,38.0,23.8,36.05
INFINIUM_SME,,,,,,227.5
INFOBEAN,,,,73.1,146.55,382.55
INFOLLION_SME,,,,,,207.1
INFOMEDIA,56.95,8.9,2.95,2.95,3.15,6.9
INFRABEES,,253.6,336.11,342.42,430.31,872.91
INFRAIETF,,,,,,85.92
INFY,171.7,356.25,543.5,568.6,1385.2,1495.45
INGERRAND,273.1,473.4,1000.55,674.2,697.9,3704.65
INM_SME,,,,,,270.85
INNOMET_SME,,,,,,
INNOVACAP,,,,,,450.35
INNOVANA,,,,,48.5,545.0
INNOVATIVE_SME,,,,42.35,,6.05
INOXGREEN,,,,,,124.45
INOXINDIA,,,,,,1215.3
INOXWIND,,,,28.3,18.0,131.2
INSECTICID,,181.25,311.65,460.5,317.15,510.9
INSPIRE_SME,,,,,,32.2
INSPIRISYS,48.45,34.95,68.65,53.0,43.55,110.55
INTELLECT,,,110.55,166.65,730.75,1080.15
INTENTECH,,,,84.7,32.75,119.3
INTERARCH,,,,,,
INTLCONV,,,,,,87.35
INVENTURE,,7.9,1.1,1.7,3.1,2.2
IOB,45.95,94.8,42.8,17.5,16.95,64.75
IOC,32.65,43.4,61.75,113.65,62.1,169.25
IOLCP,,4.8,5.7,16.15,110.5,75.7
IONEXCHANG,,,,,,518.2
IPCALAB,32.05,164.5,321.7,332.5,941.0,1241.05
IPHL_SME,,,,,,
IPL,,,,,,218.2
IPSL_SME,,,,,,200.0
IRB,8.8,19.0,24.85,22.95,11.4,61.3
IRCON,,,,,44.95,227.2
IRCTC,,,,,350.35,970.15
IREDA,,,,,,142.65
IRFC,,,,,22.85,144.8
IRIS,,,,,,120.3
IRISDOREME,,,,,18.0,76.1
IRMENERGY,,,,,,479.9
ISEC,,,,,394.6,724.2
ISFT,,53.65,261.9,696.4,68.25,118.9
ISGEC,,,,,,929.0
ISHAN_SME,,,,,,1.9
ISMTLTD,20.55,26.6,10.15,9.4,10.95,94.25
IT,,,,,25.97,37.4
ITALIANE_SME,,,,,,33.45
ITBEES,,,,,26.32,37.18
ITC,61.45,151.3,221.65,258.25,220.05,426.7
ITCHOTELS,,,,,,
ITDC,,,,454.2,390.75,663.1
ITDCEM,7.8,18.05,79.0,158.95,78.95,331.65
ITETF,,,,,,35.57
ITETFADD,,,,,,35.6
ITI,16.7,24.45,21.75,114.85,117.15,270.6
ITIETF,,,,,263.09,37.11
ITTL_SME,,,,,,
IVC,11.85,18.15,18.75,17.95,4.05,9.9
IVP,14.7,41.8,49.85,197.8,101.55,162.3
IVZINGOLD,,2755.5,2497.0,2810.0,4077.75,6128.25
IVZINNIFTY,,515.0,850.0,1110.0,1617.0,2499.75
IWEL,,,,,,5842.55
IXIGO,,,,,,
IZMO,41.95,18.5,44.3,102.55,50.1,283.95
J&KBANK,32.8,90.5,98.4,59.4,26.65,135.45
JAGRAN,56.3,99.8,128.55,172.45,59.0,106.55
JAGSNPHARM,3.3,5.4,11.7,11.05,31.95,113.45
JAIBALAJI,16.5,8.3,2.5,2.4,7.35,189.45
JAICORPLTD,82.95,89.6,57.45,147.05,87.9,296.95
JAINAM_SME,,,,,,132.05
JAIPURKURT,,,,73.05,,51.85
JAKHARIA_SME,,,,,,
JALAN_SME,,,,,,4.35
JAMNAAUTO,,12.15,23.9,84.25,68.8,134.3
JASH,,,,28.2,64.85,343.5
JAYAGROGN,17.2,53.0,51.1,319.95,136.75,225.95
JAYBARMARU,5.0,9.35,27.55,89.9,46.3,122.85
JAYBEE_SME,,,,,,
JAYNECOIND,9.95,17.05,8.75,7.8,11.1,49.9
JAYSREETEA,44.3,89.5,73.1,86.9,68.25,97.15
JBCHEPHARM,19.05,32.0,103.4,156.2,626.05,1695.55
JBMA,1.05,2.85,44.0,86.95,85.2,919.9
JCHAC,34.95,127.45,1487.75,2557.15,2668.05,1023.5
JETAIRWAYS,168.4,328.85,489.7,601.25,100.2,46.8
JETFREIGHT,,,,,,13.2
JETKNIT_SME,,,,101.0,,
JEYYAM_SME,,,,,,
JFLLIFE_SME,,,,,,14.35
JGCHEM,,,,,,184.85
JHS,13.25,44.1,,57.1,19.95,16.95
JINDALPHOT,91.95,154.7,137.4,53.0,86.1,583.6
JINDALPOLY,132.5,198.9,209.1,321.9,765.35,513.1
JINDALSAW,17.9,84.9,34.75,62.0,38.3,236.5
JINDALSTEL,1161.4,542.55,155.55,225.0,370.9,868.35
JINDRILL,354.6,306.1,170.05,152.2,93.75,634.35
JINDWORLD,,2.15,1.7,26.1,9.9,66.65
JIOFIN,,,,,,356.95
JISLDVREQS,,48.5,39.9,64.65,12.75,31.95
JISLJALEQS,71.5,99.5,62.6,110.1,19.3,54.2
JITFINFRA,,,,35.9,8.0,575.65
JIWANRAM_SME,,,,,,14.8
JKCEMENT,40.85,169.4,688.8,1004.85,2919.6,4283.1
JKIL,19.75,86.45,352.7,285.85,194.45,663.4
JKLAKSHMI,22.35,67.8,368.65,443.55,438.65,883.5
JKPAPER,16.05,35.7,32.9,140.35,154.55,333.9
JKTYRE,7.45,16.15,117.7,160.15,119.15,428.95
JLHL,,,,,,1192.7
JMA,,,36.35,43.8,31.8,101.9
JMFINANCIL,20.8,16.15,48.8,137.55,85.4,80.05
JNKINDIA,,,,,,
JOCIL,39.5,98.55,109.65,152.85,149.7,179.5
JPASSOCIAT,56.95,84.75,25.05,19.6,7.1,18.8
JPOLYINVST,,,90.35,57.05,,657.85
JPPOWER,,41.4,10.15,4.75,3.4,16.0
JSFB,,,,,,419.7
JSL,42.3,79.95,35.1,84.0,69.85,719.55
JSLL_SME,,,,,,876.3
JSWENERGY,,63.05,119.3,75.45,90.7,518.45
JSWHL,306.55,753.1,1051.75,1705.45,3902.55,7225.05
JSWINFRA,,,,,,247.05
JSWSTEEL,25.1,72.35,90.95,296.55,508.75,871.95
JTEKTINDIA,8.05,12.3,52.05,99.4,86.35,182.85
JTLIND,,,,,,100.7
JUBLCPL,,,,,,
JUBLFOOD,,119.85,147.65,235.6,590.15,454.85
JUBLINDS,,305.5,83.6,177.25,191.6,1231.7
JUBLINGREA,,,,,272.65,467.75
JUBLPHARMA,98.6,201.95,156.55,847.15,712.7,574.6
JUNIORBEES,44.6,104.88,196.03,298.29,362.9,655.78
JUNIPER,,,,,,508.3
JUSTDIAL,,,1328.85,483.45,902.9,836.4
JWL,,65.6,19.85,15.15,15.3,380.8
JYOTHYLAB,15.0,41.15,136.45,196.8,144.2,443.95
JYOTICNC,,,,,,795.7
JYOTISTRUC,54.9,42.8,27.4,7.55,5.1,21.85
K2INFRA_SME,,,,,,
KABRAEXTRU,16.95,34.55,75.1,123.4,178.7,316.1
KAJARIACER,13.4,84.1,392.15,589.95,941.95,1226.1
KAKATCEM,55.1,80.8,120.25,262.8,174.3,209.65
KALAMANDIR,,,,,,203.55
KALANA_SME,,,,,,
KALYANIFRG,55.0,169.0,281.8,294.45,198.0,418.15
KALYANKJIL,,,,,71.4,425.9
KAMATHOTEL,28.9,126.05,60.55,92.5,31.45,262.25
KAMDHENU,1.35,1.85,4.3,25.2,14.55,54.15
KAMOPAINTS,,,,,,36.8
KANANIIND,,,4.2,4.3,2.0,3.8
KANDARP_SME,,,,,,
KANORICHEM,15.3,32.05,41.55,69.2,95.6,113.0
KANPRPLA,,,,,96.3,93.5
KANSAINER,15.05,60.2,145.45,335.65,394.55,271.9
KAPSTON,,,,,48.5,127.2
KARMAENG,,14.0,23.6,,14.0,67.6
KARNIKA_SME,,,,,,315.95
KARURVYSYA,26.25,68.35,99.1,92.75,56.75,186.45
KATARIA_SME,,,,,,
KAUSHALYA,8.2,6.85,7.4,2.2,1.6,626.95
KAVVERITEL,29.8,172.7,14.0,10.8,,12.15
KAYA,,,,1062.85,288.75,320.8
KAYNES,,,,,,2788.15
KBCGLOBAL,,,,2.85,12.05,1.8
KCEIL_SME,,,,,,185.75
KCK_SME,,,,,,11.2
KCP,13.4,33.25,62.45,132.95,84.35,184.45
KCPSUGIND,13.5,15.75,18.75,26.05,15.1,37.35
KDDL,,,,396.8,266.35,2392.85
KDL_SME,,,,,,339.7
KEC,31.15,63.85,83.75,395.95,419.5,719.4
KECL,,29.0,30.15,30.0,12.7,115.65
KEEPLEARN,,,,,1.2,3.75
KEI,10.2,17.5,64.5,400.9,528.6,3500.2
KEL_SME,,,,,,154.15
KELLTONTEC,,,,63.25,73.1,103.3
KEN_SME,,,,,,
KERNEX,61.4,61.3,34.5,38.7,66.75,568.5
KESORAMIND,138.95,116.85,120.1,122.55,76.45,173.2
KEYFINSERV,,,,52.7,56.4,153.95
KFINTECH,,,,,,622.15
KHADIM,,,,733.65,151.2,320.95
KHAICHEM,,,,,22.9,68.05
KHAITANLTD,,19.95,7.65,43.95,,61.2
KHANDSE,26.3,,,17.05,14.6,30.0
KHFM_SME,,,,,,67.15
KICL,,425.1,2114.35,2400.4,1579.2,3713.35
KILITCH,,61.25,28.85,80.05,83.3,381.55
KIMS,,,,,,408.7
KINGFA,,,,929.9,606.15,1935.95
KIOCL,,,,225.05,150.55,411.25
KIRIINDUS,,94.05,139.35,438.6,442.3,330.0
KIRLOSBROS,,122.1,194.0,310.65,260.5,1146.4
KIRLOSENG,,149.95,264.2,329.5,170.1,887.85
KIRLOSIND,,353.65,539.3,1223.5,1260.75,4161.65
KIRLPNU,,,,,,700.9
KITEX,,,129.85,77.05,33.65,64.2
KKCL,20.0,132.0,424.45,304.0,174.75,705.0
KKJEWELS_SME,,,,,,
KKVAPOW_SME,,,,,,
KLL_SME,,,,,,90.45
KMEW,,,,,,
KMSUGAR,,2.2,2.2,10.5,12.05,29.85
KNAGRI_SME,,,,,,137.45
KNRCON,3.9,12.4,42.7,142.3,211.8,254.4
KODYTECH_SME,,,,,,497.5
KOHINOOR,54.05,31.9,55.15,64.35,,42.75
KOKUYOCMLN,9.9,34.8,72.9,118.95,59.15,117.4
KOLTEPATIL,21.85,41.45,233.05,305.7,236.75,477.4
KONSTELEC_SME,,,,,,194.35
KONTOR_SME,,,,,,69.7
KOPRAN,7.4,15.85,47.85,57.6,110.8,270.4
KORE_SME,,,,,,322.2
KOTAKBANK,74.85,278.0,680.5,1096.55,1804.55,1790.7
KOTARISUG,5.4,6.0,6.45,12.75,27.1,54.85
KOTHARIPET,5.4,5.25,12.7,23.75,27.25,127.8
KOTHARIPRO,17.7,46.1,67.95,76.95,33.1,60.0
KOTYARK_SME,,,,,,1212.85
KPEL,,,,,,
KPIGREEN,,,,,,533.05
KPIL,65.85,109.25,227.6,483.55,382.2,1117.45
KPITTECH,,,,,175.7,1488.75
KPRMILL,2.1,8.6,49.5,127.15,212.25,827.35
KRBL,51.45,18.15,170.1,447.8,179.05,309.6
KREBSBIO,,,,176.75,91.55,64.5
KRIDHANINF,,,,110.3,3.9,4.5
KRISHANA,,,,,46.1,245.45
KRISHCA_SME,,,,,,233.0
KRISHIVAL_SME,,,,,,
KRISHNADEF_SME,,,,,,368.5
KRITI,,,,,,140.25
KRITIKA,,,,,,16.35
KRITINUT,,,,,,98.9
KRN,,,,,,
KRONOX,,,,,,
KROSS,,,,,,
KRSNAA,,,,,,630.0
KRYSTAL,,,,,,799.15
KSB,52.0,50.05,146.65,160.0,178.3,779.05
KSCL,29.2,116.0,1016.25,494.7,527.85,648.9
KSHITIJPOL,,,,,,4.75
KSL,,54.0,137.9,315.75,335.8,915.2
KSOLVES,,,,,352.5,585.5
KTKBANK,61.75,87.8,116.2,103.75,65.05,237.7
KTL_SME,,,,,,42.1
KUANTUM,,,,,68.3,160.0
LAGNAM,,,,,14.7,121.2
LAKPRE,18.1,39.1,41.05,39.8,3.8,3.9
LAKSHYA_SME,,,,,,
LAL,,,,,,27.25
LALPATHLAB,,,,871.65,2730.6,2288.2
LAMBODHARA,,,84.9,73.9,53.9,153.15
LAMOSAIC_SME,,,,,,
LANCORHOL,,,,,,50.0
LANDMARK,,,,,,769.9
LAOPALA,,56.6,196.35,292.8,221.15,322.55
LASA,,,,94.65,60.4,23.1
LATENTVIEW,,,,,,522.5
LATTEYS,,,,,61.5,13.75
LAURUSLABS,,,,101.7,365.3,405.25
LAWSIKHO_SME,,,,,,226.95
LAXMICOT,,,,12.95,,28.25
LAXMIDENTL,,,,,,
LCCINFOTEC,,,,,5.2,1.95
LEMERITE_SME,,,,,,65.4
LEMONTREE,,,,,37.8,137.55
LEXUS,,,,84.0,,34.0
LFIC,,30.65,,,82.6,176.5
LGBBROSLTD,,77.3,273.45,540.7,309.95,1250.4
LGBFORGE,1.45,2.7,6.1,3.2,3.75,9.3
LGHL,,,,,,296.95
LIBAS,,,,,36.1,19.4
LIBERTSHOE,38.7,93.15,260.1,205.65,130.9,290.3
LICHSGFIN,46.3,266.0,446.45,539.35,432.85,636.2
LICI,,,,,,970.6
LICMFGOLD,,2825.0,2558.75,2848.6,4154.85,6295.35
LICNETFGSC,,,13.78,,21.68,25.09
LICNETFN50,,,,105.2,161.85,242.14
LICNETFSEN,,,,325.0,541.34,807.05
LICNFNHGP,,,,,151.08,242.72
LICNMID100,,,,,,48.14
LIKHITHA,,,,,171.9,245.4
LINC,,,39.9,107.15,37.6,129.95
LINCOLN,,,,221.15,236.7,597.95
LINDEINDIA,148.8,479.55,421.0,446.8,1813.45,6434.65
LIQUID,,,,,,999.99
LIQUID1,,,,,,1000.0
LIQUIDADD,,,,,,
LIQUIDBEES,1000.0,1000.0,999.99,1000.0,999.99,1000.0
LIQUIDBETF,,,,,,
LIQUIDCASE,,,,,,101.4
LIQUIDETF,,,,1000.01,999.99,999.99
LIQUIDIETF,,,,,999.99,999.99
LIQUIDPLUS,,,,,,
LIQUIDSBI,,,,,,1000.01
LIQUIDSHRI,,,,,,
LLOYDS_SME,,,,,,73.5
LLOYDSENGG,,,,1.3,1.15,50.1
LLOYDSENT,,,,,,
LLOYDSME,,,,,,600.8
LMW,529.35,1618.0,3881.2,7201.25,6876.1,15576.65
LODHA,,,,,,1171.4
LOKESHMACH,20.3,36.5,71.9,56.15,32.9,380.75
LORDSCHLO,,,,,,117.9
LOTUSEYE,28.85,9.05,13.15,28.75,43.35,58.35
LOVABLE,,362.7,331.0,174.9,84.3,118.45
LOWVOL,,,,,,182.01
LOWVOL1,,,,,,18.79
LOWVOLIETF,,,,,118.63,19.77
LOYALTEX,,,,,,531.35
LPDC,3.7,1.9,3.15,3.7,1.9,8.45
LRRPL_SME,,,,,,35.75
LT,298.85,592.2,1156.15,1335.95,1444.6,3838.0
LTF,,47.4,63.5,160.45,99.5,162.75
LTFOODS,2.9,3.8,10.85,89.2,62.25,200.0
LTGILTBEES,,,,17.1,22.14,25.57
LTIM,,,,1414.95,4112.8,4882.6
LTTS,,,,1242.65,2720.6,5602.5
LUMAXIND,65.5,382.0,328.95,2208.8,1621.3,2406.2
LUMAXTECH,3.4,29.4,58.0,168.2,163.5,487.1
LUPIN,132.65,538.45,2037.5,777.1,1027.0,1623.75
LUXIND,,,,1752.2,1827.6,1127.0
LXCHEM,,,,,180.85,241.5
LYKALABS,16.7,11.1,51.25,48.4,27.4,112.45
LYPSAGEMS,,,45.85,18.7,4.6,5.7
M&M,98.7,355.3,601.05,748.05,807.6,1915.95
M&MFIN,40.9,134.0,262.85,471.45,204.3,286.95
MAANALU,,2.05,2.1,15.55,19.15,142.7
MACOBSTECH_SME,,,,,,
MACPOWER,,,,159.65,92.85,1128.8
MADHAV,12.2,17.85,38.65,52.6,50.0,40.3
MADHAVBAUG_SME,,,,,,188.55
MADHUCON,28.2,56.75,56.9,22.7,5.05,9.7
MADHUSUDAN_SME,,,,,,108.6
MADRASFERT,7.05,20.2,17.5,33.5,26.25,86.85
MAFANG,,,,,,88.27
MAGADSUGAR,,,,85.95,104.05,547.25
MAGNUM,5.9,3.85,3.1,9.8,4.95,46.35
MAGSON_SME,,,,,,86.0
MAHABANK,21.9,53.75,37.65,13.75,21.45,65.15
MAHAPEXLTD,,,,,65.15,136.15
MAHASTEEL,,,,63.9,86.15,101.55
MAHEPC,,,,,147.8,124.75
MAHESHWARI,,,,87.0,76.35,64.2
MAHICKRA_SME,,,,,79.1,126.0
MAHKTECH,,,,,,12.46
MAHLIFE,44.3,108.0,160.0,153.05,186.75,620.2
MAHLOG,,,,501.25,574.75,426.3
MAHSCOOTER,81.4,303.8,877.95,2299.95,3604.95,7507.85
MAHSEAMLES,71.1,195.0,104.7,214.9,142.05,886.95
MAITHANALL,,46.05,101.25,806.0,583.6,1021.3
MAITREYA_SME,,,,,,124.9
MAKEINDIA,,,,,,124.96
MAKS_SME,,,,,,64.6
MAL_SME,,,,,,39.25
MALLCOM,,,,,,995.0
MALUPAPER,10.1,9.2,12.0,31.3,27.0,38.05
MAMATA,,,,,,
MANAKALUCO,,,,8.85,8.85,27.6
MANAKCOAT,,,16.25,14.45,12.35,31.7
MANAKSIA,30.25,53.95,54.25,52.0,51.8,104.6
MANAKSTEEL,,,18.8,33.8,24.8,59.0
MANALIPETC,6.75,10.65,15.2,34.7,65.15,60.7
MANAPPURAM,,31.7,32.4,112.55,157.3,181.9
MANAV_SME,,,,,,
MANBA,,,,,,
MANCREDIT,,,,,,
MANDEEP_SME,,,,,,
MANGALAM,4.7,10.15,26.1,176.3,107.85,97.65
MANGCHEFER,12.1,40.35,89.15,62.15,74.25,106.95
MANGLMCEM,62.25,141.25,280.45,332.2,283.85,727.7
MANINDS,26.15,104.6,47.95,128.3,80.75,380.85
MANINFRA,,23.55,26.75,35.05,27.8,212.0
MANKIND,,,,,,2311.9
MANOMAY,,,,,,169.15
MANORAMA,,,,,,415.4
MANORG,,,,,,293.65
MANUGRAPH,30.95,52.65,33.2,46.75,12.2,21.35
MANYAVAR,,,,,,960.55
MAPMYINDIA,,,,,,1903.0
MARALOVER,4.75,9.65,27.9,33.55,32.5,69.45
MARATHON,,,,220.3,63.15,521.65
MARCO_SME,,,,,,43.0
MARICO,30.15,85.3,193.7,328.35,407.25,495.8
MARINE,,,,,66.3,94.7
MARINETRAN_SME,,,,,,35.4
MARKSANS,4.15,1.7,66.9,33.8,54.0,158.0
MARSHALL,,,,,12.75,25.2
MARUTI,792.5,1338.55,3644.7,9008.2,6923.9,12569.6
MASFIN,,,,201.35,286.3,294.7
MASKINVEST,,,,,,
MASON_SME,,,,,,
MASPTOP50,,,,,,39.98
MASTEK,124.4,93.3,422.5,539.0,1272.9,2606.35
MASTER_SME,,,,,,138.0
MASTERTR,,,,,,
MATRIMONY,,,,772.8,960.65,530.25
MAWANASUG,16.7,13.35,6.9,47.3,36.85,89.15
MAXESTATES,,,,,,282.6
MAXHEALTH,,,,,218.2,817.25
MAXIND,,,,,64.45,212.2
MAXPOSURE_SME,,,,,,87.3
MAXVOLT_SME,,,,,,
MAYURUNIQ,,,458.95,481.7,416.1,481.95
MAZDA,,,,71.55,92.7,265.8
MAZDOCK,,,,,107.35,1000.4
MBAPL,,,,11.5,24.9,244.7
MBECL,44.25,91.75,87.35,62.0,8.2,4.85
MBLINFRA,,89.4,311.75,20.35,19.95,54.45
MCL,,,,,91.5,33.8
MCLEODRUSS,67.25,280.35,240.55,151.4,20.05,25.05
MCLOUD,,,,,,
MCON_SME,,,,,,121.6
MCX,,1306.65,1176.5,702.65,1518.05,3562.2
MDL_SME,,,,57.05,,
MEDANTA,,,,,,1331.25
MEDIASSIST,,,,,,509.05
MEDICAMEQ,,,,,,398.7
MEDICO,,,,,,49.45
MEDIORG_SME,,,,,,
MEDPLUS,,,,,,698.0
MEGAFLEX_SME,,,,,,31.85
MEGASOFT,13.25,11.2,5.15,12.3,9.8,88.7
MEGASTAR,,,,,,278.55
MEGATHERM_SME,,,,,,289.55
MELSTAR,12.7,5.75,4.4,,1.9,4.8
MENONBE,,,22.9,98.9,54.35,118.25
MEP,,,,77.1,16.55,12.0
METAL,,,,,,
METALFORGE,34.35,172.0,231.45,24.45,5.1,3.9
METALIETF,,,,,,
METROBRAND,,,,,,1129.55
METROPOLIS,,,,,2159.65,1736.15
MFML,,,,,,
MFSL,100.45,167.0,449.7,460.4,880.3,1017.65
MGEL,,,,,4.6,9.9
MGL,,,,998.0,1181.5,1385.0
MHHL_SME,,,,69.9,,54.2
MHLXMIRU,,,,,,292.35
MHRIL,,132.2,120.0,200.3,148.85,412.3
MICEL,,,,,,41.45
MICROPRO_SME,,,,,,44.75
MID150BEES,,,,,92.5,185.11
MID150CASE,,,,,,
MIDCAP,,,,,,139.18
MIDCAPETF,,,,,,18.26
MIDCAPIETF,,,,,92.96,184.96
MIDHANI,,,,,191.45,418.45
MIDQ50ADD,,,,,,208.8
MIDSELIETF,,,,70.89,86.09,150.52
MIDSMALL,,,,,,
MIEL_SME,,,,,,
MILTON_SME,,,,21.8,11.25,
MINDACORP,,,91.2,183.65,101.35,417.45
MINDPOOL_SME,,,,,,
MINDTECK,,,,44.75,34.9,173.95
MIRCELECTR,9.2,14.65,9.85,50.9,14.0,19.9
MIRZAINT,7.85,18.85,92.45,130.4,47.95,44.9
MITCON,,,,,41.0,118.0
MITTAL,,,,1.9,0.95,1.6
MKPL,,,,,,10.3
MMFL,9.6,23.05,170.25,270.35,244.1,443.9
MMP,,,,,86.1,258.8
MMTC,,528.9,32.95,37.95,46.55,69.75
MNC,,,,,,26.62
MOBIKWIK,,,,,,
MOCAPITAL,,,,,,
MODEFENCE,,,,,,
MODIRUBBER,,,,,90.95,88.8
MODISONLTD,,,,,,120.9
MODTHREAD,,,,,,
MOGSEC,,,,,47.44,55.0
MOHEALTH,,,,,,35.67
MOHITIND,,,43.25,27.5,9.1,19.5
MOIL,,127.0,138.9,200.65,156.0,312.7
MOKSH,,,,,9.8,17.9
MOL,,,,,,82.7
MOLDTECH,,,,48.4,40.7,218.1
MOLDTKPAC,,,106.8,338.75,394.8,781.95
MOLOWVOL,,,,,,35.22
MOM100,,7.61,13.6,20.38,25.33,52.13
MOM30IETF,,,,,,31.72
MOM50,,72.03,81.43,95.35,145.51,228.88
MOMENTUM,,,,,,31.63
MOMENTUM50,,,,,,
MOMOMENTUM,,,,,,63.07
MON100,,140.1,278.8,515.54,950.08,150.1
MONARCH,,,,,,283.0
MONIFTY500,,,,,,20.5
MONOPHARMA_SME,,,,,,45.65
MONQ50,,,,,,62.28
MONTECARLO,,,507.95,481.45,229.75,631.45
MOQUALITY,,,,,,175.33
MORARJEE,,,40.8,40.35,14.75,17.95
MOREALTY,,,,,,94.21
MOREPENLAB,4.75,3.3,11.95,32.95,34.1,45.45
MOS_SME,,,,,,140.05
MOSCHIP,,,,,,
MOSMALL250,,,,,,14.87
MOTHERSON,5.7,16.85,100.35,143.75,140.3,120.15
MOTILALOFS,20.45,26.0,74.9,248.15,160.15,438.2
MOTISONS,,,,,,16.8
MOTOGENFIN,9.6,18.4,22.5,19.5,23.5,32.0
MOVALUE,,,,,,92.47
MOXSH_SME,,,,,,
MPHASIS,203.3,414.05,391.4,846.8,1747.8,2461.75
MPSLTD,,44.75,984.45,502.85,539.7,1541.85
MPTODAY_SME,,,,128.7,17.3,
MRF,1820.75,10498.35,39557.0,73122.45,83133.1,135719.35
MRO-TEK,20.0,10.0,15.85,,26.0,78.05
MRPL,41.65,67.75,70.5,111.8,40.05,228.75
MSCIINDIA,,,,,,
MSPL,17.05,31.5,13.65,16.8,7.7,31.2
MSTCLTD,,,,,305.2,899.2
MSUMI,,,,,,67.5
MTARTECH,,,,,1045.65,1771.5
MTEDUCARE,,,102.05,70.6,7.0,3.0
MTNL,69.75,28.25,18.85,19.4,19.45,34.4
MUFIN,,,,,,140.0
MUFTI,,,,,,179.65
MUKANDLTD,22.8,34.95,48.65,61.45,88.8,160.2
MUKKA,,,,,,38.55
MUKTAARTS,34.9,29.25,30.9,65.5,28.7,75.0
MULTICAP,,,,,,
MUNJALAU,,25.4,37.0,75.15,55.3,82.9
MUNJALSHOW,23.2,70.05,183.35,215.9,142.85,169.25
MURUDCERA,15.85,17.75,22.45,34.5,20.35,48.75
MUTHOOTCAP,,,,778.7,378.15,287.4
MUTHOOTFIN,,126.85,204.4,413.65,1214.35,1563.7
MUTHOOTMF,,,,,,211.05
MVGJL,,,,,,261.9
MVKAGRO_SME,,,,,,53.6
MWL_SME,,,,,,127.0
MYMUDRA_SME,,,,,,
NACLIND,,,,40.65,39.3,60.75
NAGAFERT,,,,16.4,6.35,9.35
NAGREEKCAP,,16.5,14.95,34.6,5.9,16.2
NAGREEKEXP,10.55,14.8,22.0,28.1,15.65,35.3
NAHARCAP,21.5,45.3,65.05,128.8,109.25,291.15
NAHARINDUS,25.9,32.85,44.9,77.35,46.3,121.0
NAHARPOLY,,22.3,22.25,55.8,121.5,186.6
NAHARSPING,25.0,49.0,92.0,93.1,104.8,289.6
NAM-INDIA,,,,254.6,344.4,486.6
NAMAN_SME,,,,,,
NAMOEWASTE_SME,,,,,,
NARMADA,,,,,,21.35
NATCAPSUQ,,,,,,
NATCOPHARM,9.7,73.2,463.95,771.4,842.1,973.7
NATHBIOGEN,,,121.55,425.7,320.45,181.9
NATIONALUM,54.15,55.3,47.15,67.3,58.75,161.5
NAUKRI,110.1,365.55,838.25,1207.15,4263.05,5709.15
NAVA,34.45,54.15,44.75,69.95,36.6,249.05
NAVINFLUOR,17.6,72.1,170.2,778.25,2777.0,3130.7
NAVINIFTY,,,,,,226.51
NAVKARCORP,,,,170.6,31.9,96.55
NAVKARURB,,,,,,
NAVNETEDUL,20.2,58.65,101.85,145.95,83.65,141.6
NAZARA,,,,,835.35,692.95
NBCC,,,43.4,66.35,31.95,83.2
NBIFIN,,,,1398.15,1933.65,1788.25
NCC,,54.45,110.55,119.75,81.1,243.05
NCLIND,23.35,49.55,46.3,234.6,172.65,194.25
NDGL,,,,1368.4,750.2,2245.4
NDL,,0.7,2.1,4.2,1.05,3.4
NDLVENTURE,98.45,369.0,415.8,677.4,484.8,97.0
NDRAUTO,,,,,48.35,429.75
NDTV,91.75,40.65,115.25,42.9,56.05,222.65
NECCLTD,,,,17.0,8.3,25.65
NECLIFE,13.7,23.65,37.85,27.95,19.25,34.25
NEELAM_SME,,,,,,
NELCAST,4.65,24.95,33.0,85.1,65.8,139.1
NELCO,33.15,50.45,73.6,169.75,197.5,718.35
NEOGEN,,,,,863.9,1236.15
NEPHROCARE_SME,,,,,,
NESCO,44.65,128.4,313.7,555.55,522.8,850.05
NESTLEIND,,468.55,692.3,830.9,1708.3,2585.6
NETF,,,,,182.64,237.77
NETWEB,,,,,,1685.5
NETWORK18,73.05,38.55,50.65,62.25,38.0,90.4
NEULANDLAB,95.0,70.15,348.3,751.9,2185.05,6265.85
NEWGEN,,,,117.7,148.9,794.45
NEWJAISA_SME,,,,,,97.3
NEXT30ADD,,,,,,
NEXT50,,,,,345.91,625.18
NEXT50IETF,,,,,35.29,63.98
NEXTMEDIA,,3.85,13.6,14.5,3.65,6.7
NFL,33.45,73.45,29.9,56.2,55.35,94.6
NGIL,,,,,,52.65
NGLFINE,,,,,,2127.8
NH,,,,281.0,418.05,1296.3
NHPC,,20.2,20.05,27.95,24.65,90.5
NIACL,,,,352.1,155.65,239.75
NIBE,,,,,,
NIBL,,,40.05,20.0,20.0,34.85
NIDAN_SME,,,,,,29.65
NIF100BEES,,,85.0,108.81,152.23,241.85
NIF100IETF,,,88.4,111.23,160.93,253.86
NIF10GETF,,,,,,23.01
NIF5GETF,,,,,,55.87
NIFITETF,,,,,,351.27
NIFMID150,,,,,,180.86
NIFTY 10 YR BENCHMARK G-SEC (CLEAN PRICE),,,,920.54,946.52,877.62
NIFTY 10 YR BENCHMARK G-SEC,,,,1612.13,2018.05,2291.86
NIFTY 100,,5225.3,8613.35,10596.0,14993.05,23107.15
NIFTY 11-15 YR G-SEC INDEX,,,,1791.76,2387.61,2858.81
NIFTY 15 YR AND ABOVE G-SEC INDEX,,,,1924.26,2649.13,3165.74
NIFTY 1D RATE INDEX,,,,,1939.59,2260.68
NIFTY 200,,2704.85,4459.1,5565.9,7772.85,12447.2
NIFTY 4-8 YR G-SEC INDEX,,,,1814.3,2379.6,2800.22
NIFTY 50 ARBITRAGE,,,,1701.62,1945.69,
NIFTY 50 FUTURES INDEX,,,,3714.89,4896.4,
NIFTY 50 FUTURES TR INDEX,,,,9924.39,15495.89,
NIFTY 50,,5317.9,8586.25,10211.8,14867.35,22462.0
NIFTY 500,,4246.95,7060.2,9023.6,12479.0,20492.55
NIFTY 8-13 YR G-SEC,,,,1714.71,2223.91,2587.66
NIFTY ADITYA BIRLA GROUP,,,,4008.76,4852.95,7220.9
NIFTY ALPHA 50,,,9184.55,12938.5,23287.5,48392.25
NIFTY ALPHA LOW-VOLATILITY 30,,,,10891.4,14209.7,26344.25
NIFTY ALPHA QUALITY LOW-VOLATILITY 30,,,,8927.73,12171.62,21178.8
NIFTY ALPHA QUALITY VALUE LOW-VOLATILITY 30,,,,6934.84,9200.62,18494.06
NIFTY AUTO,,4216.3,8710.75,11058.45,10022.6,21385.25
NIFTY BANK,,10305.35,18617.85,24328.5,33858.0,47578.25
NIFTY BHARAT BOND INDEX - APRIL 2025,,,,,,
NIFTY BHARAT BOND INDEX - APRIL 2030,,,,,,
NIFTY BHARAT BOND INDEX - APRIL 2031,,,,,,
NIFTY BHARAT BOND INDEX - APRIL 2032,,,,,,
NIFTY BHARAT BOND INDEX - APRIL 2033,,,,,,
NIFTY CAPITAL MARKETS,,,,,,
NIFTY CHEMICALS,,,,,,
NIFTY COMMODITIES,,2472.85,2645.8,3717.45,4590.25,8504.6
NIFTY COMPOSITE G-SEC INDEX,,,,1753.48,2271.54,2678.46
NIFTY CONSUMER DURABLES,,,,,21445.35,32517.7
NIFTY CORE HOUSING,,,,,,14749.27
NIFTY CPSE,,,2379.0,2410.3,1800.55,5867.1
NIFTY DIVIDEND OPPORTUNITIES 50,,1546.6,2037.25,2547.1,3096.65,5784.7
NIFTY ENERGY,,7542.4,8313.15,13291.25,18516.2,39489.7
NIFTY EV & NEW AGE AUTOMOTIVE,,,,,,
NIFTY FINANCIAL SERVICES 25-50,,,,,15663.15,22965.45
NIFTY FINANCIAL SERVICES EX-BANK,,,,,,23242.36
NIFTY FINANCIAL SERVICES,,4191.45,7699.5,10261.35,15909.25,21198.4
NIFTY FMCG,,11438.7,20145.1,26501.45,34874.55,53889.15
NIFTY GROWTH SECTORS 15,,,,6324.5,7177.1,10950.3
NIFTY HEALTHCARE INDEX,,,,,7386.47,12187.8
NIFTY HIGH BETA 50,,,1794.23,2027.34,1815.97,3764.72
NIFTY HOUSING,,,,,,10751.69
NIFTY INDIA CONSUMPTION,,1917.6,3440.4,4812.95,5984.75,10133.2
NIFTY INDIA CORPORATE GROUP INDEX - ADITYA BIRLA GROUP,,,,,,
NIFTY INDIA CORPORATE GROUP INDEX - MAHINDRA GROUP,,,,,,
NIFTY INDIA CORPORATE GROUP INDEX - TATA GROUP 25% CAP,,,,,,
NIFTY INDIA CORPORATE GROUP INDEX - TATA GROUP,,,,,,
NIFTY INDIA DEFENCE,,,,,,4795.35
NIFTY INDIA DIGITAL,,,,,,7799.75
NIFTY INDIA INTERNET & E-COMMERCE,,,,,,
NIFTY INDIA MANUFACTURING,,,,,,12374.65
NIFTY INDIA NEW AGE CONSUMPTION,,,,,,
NIFTY INDIA RAILWAYS PSU,,,,,,
NIFTY INDIA SELECT 5 CORPORATE GROUPS (MAATR),,,,,,
NIFTY INDIA TOURISM,,,,,,
NIFTY INFRASTRUCTURE,,2547.75,3283.4,3380.25,4149.25,8423.05
NIFTY IPO,,,,,,
NIFTY IT,,6548.0,11952.2,12707.1,25980.4,35042.8
NIFTY LARGEMIDCAP 250,,,,5782.28,8046.98,14102.85
NIFTY LOW VOLATILITY 50,,,7365.41,9706.88,13760.1,22086.17
NIFTY MAHINDRA GROUP,,,,11458.04,13165.85,24149.32
NIFTY MEDIA,,1259.75,2204.0,3332.8,1580.4,1880.05
NIFTY METAL,,3042.25,2347.65,3539.55,4189.15,8562.7
NIFTY MICROCAP 250,,,,,,19604.3
NIFTY MIDCAP 100,,,,19097.4,24117.75,48912.05
NIFTY MIDCAP 150,,,,6701.16,9129.65,18084.7
NIFTY MIDCAP 50,,2319.65,3420.95,5078.1,6917.35,13772.6
NIFTY MIDCAP LIQUID 15,,,,4291.15,5808.25,10998.95
NIFTY MIDCAP SELECT,,,,,,10689.45
NIFTY MIDCAP150 MOMENTUM 50,,,,,,54186.05
NIFTY MIDCAP150 QUALITY 50,,,,,14236.16,20582.3
NIFTY MIDSMALL FINANCIAL SERVICES,,,,,,13269.13
NIFTY MIDSMALL HEALTHCARE,,,,,,33108.52
NIFTY MIDSMALL INDIA CONSUMPTION,,,,,,15862.62
NIFTY MIDSMALL IT & TELECOM,,,,,,10026.88
NIFTY MIDSMALLCAP 400,,,,6589.46,8400.05,16917.4
NIFTY MIDSMALLCAP400 MOMENTUM QUALITY 100,,,,,,44357.04
NIFTY MNC,,5235.1,9885.05,14010.35,16273.75,26113.45
NIFTY MOBILITY,,,,,,18498.47
NIFTY NEXT 50,,10534.45,19634.3,29114.25,34689.55,61634.6
NIFTY NON-CYCLICAL CONSUMER,,,,,,14027.86
NIFTY OIL & GAS,,,,,6283.58,11500.3
NIFTY PHARMA,,5028.2,13136.2,8620.85,12377.1,19207.9
NIFTY PRIVATE BANK,,,,13687.65,18093.0,23797.9
NIFTY PSE,,2923.65,3472.45,3846.65,3158.4,9292.35
NIFTY PSU BANK,,3417.0,3507.8,2854.4,2214.65,7113.25
NIFTY QUALITY LOW-VOLATILITY 30,,,,7886.54,10553.49,16290.58
NIFTY REALTY,,243.1,219.4,296.4,335.8,939.9
NIFTY REITS & INVITS,,,,,,1072.23
NIFTY RURAL,,,,,,
NIFTY SERVICES SECTOR,,6502.25,11089.55,13625.9,20814.85,28050.85
NIFTY SHARIAH 25,,,3247.35,4102.88,5530.9,7796.84
NIFTY SMALLCAP 100,,,,7929.2,8282.55,15768.4
NIFTY SMALLCAP 250,,,,6393.98,7089.2,14762.15
NIFTY SMALLCAP 50,,3445.85,5716.3,4076.22,4130.85,7230.95
NIFTY SMALLCAP250 MOMENTUM QUALITY 100,,,,,,44198.7
NIFTY SMALLCAP250 QUALITY 50,,,,,,23679.42
NIFTY SME EMERGE,,,,1656.33,1825.15,11412.17
NIFTY TATA GROUP 25% CAP,,,,4869.87,7784.58,16121.82
NIFTY TATA GROUP,,,,5652.97,10504.01,18143.82
NIFTY TOP 10 EQUAL WEIGHT,,,,,,
NIFTY TOP 15 EQUAL WEIGHT,,,,,,
NIFTY TOP 20 EQUAL WEIGHT,,,,,,
NIFTY TOTAL MARKET,,,,,,11505.3
NIFTY TRANSPORTATION & LOGISTICS,,,,,,20630.31
NIFTY1,,541.0,861.04,103.71,155.1,241.75
NIFTY100 ALPHA 30,,,,,9677.51,17661.75
NIFTY100 ENHANCED ESG,,,,1946.42,2963.04,4428.92
NIFTY100 EQUAL WEIGHT,,,,13585.5,17138.05,29595.75
NIFTY100 ESG SECTOR LEADERS,,,,,2536.1,3725.0
NIFTY100 ESG,,,,1904.85,2941.19,4397.55
NIFTY100 LIQUID 15,,,,4063.45,3701.6,6446.2
NIFTY100 LOW VOLATILITY 30,,,,8083.55,11346.75,18229.75
NIFTY100 QUALITY 30,,,,,3378.6,5142.0
NIFTY100EW,,,,,,
NIFTY200 ALPHA 30,,,,,,23629.05
NIFTY200 MOMENTUM 30,,,,,15265.7,31204.75
NIFTY200 QUALITY 30,,,,,12484.2,18735.5
NIFTY200 VALUE 30,,,,,,
NIFTY50 DIVIDEND POINTS,,0.0,0.0,0.0,0.0,0.0
NIFTY50 EQUAL WEIGHT,,,10662.99,12179.8,16258.9,28323.5
NIFTY50 PR 1X INVERSE,,,,426.1,294.8,215.55
NIFTY50 PR 2X LEVERAGE,,,,4255.75,6731.95,12439.85
NIFTY50 SHARIAH,,1188.61,1850.86,2408.26,3590.95,4677.01
NIFTY50 TR 1X INVERSE,,,,382.55,255.35,180.35
NIFTY50 TR 2X LEVERAGE,,,,5279.95,8985.0,17800.3
NIFTY50 USD,,,,5425.18,7045.93,
NIFTY50 VALUE 20,,,,4512.25,7540.8,12285.85
NIFTY500 EQUAL WEIGHT,,,,,,
NIFTY500 LARGEMIDSMALL EQUAL-CAP WEIGHTED,,,,,,
NIFTY500 LOW VOLATILITY 50,,,,,,
NIFTY500 MOMENTUM 50,,,,,,
NIFTY500 MULTICAP 50-25-25,,,,,7915.4,14072.8
NIFTY500 MULTICAP INDIA MANUFACTURING 50-30-20,,,,,,12822.88
NIFTY500 MULTICAP INFRASTRUCTURE 50-30-20,,,,,,12829.94
NIFTY500 MULTICAP MOMENTUM QUALITY 50,,,,,,
NIFTY500 MULTIFACTOR MQVLV 50,,,,,,
NIFTY500 QUALITY 50,,,,,,
NIFTY500 SHARIAH,,1253.56,2162.68,3015.08,4365.83,6648.87
NIFTY500 VALUE 50,,,,,4834.74,12951.66
NIFTY50ADD,,,,,,230.3
NIFTYBEES,308.71,533.46,860.63,1058.12,158.7,248.19
NIFTYBETF,,,,,,224.2
NIFTYETF,,,,,151.73,237.61
NIFTYIETF,,,88.0,105.42,157.87,246.7
NIFTYQLITY,,,,,,19.04
NIITLTD,21.85,52.8,38.85,103.85,165.45,110.45
NIITMTS,,,,,,512.65
NILAINFRA,,,,20.0,4.5,10.8
NILASPACES,,,,,1.4,6.1
NILKAMAL,46.4,214.3,427.2,1579.25,1951.8,1724.95
NINSYS,,,,,,508.0
NIPPOBATRY,,196.3,348.0,417.75,361.75,584.05
NIRAJ,,,,,40.2,38.75
NIRAJISPAT,,,,,,
NIRMAN_SME,,,,,,186.6
NITCO,25.05,40.4,17.05,94.5,20.15,58.7
NITINSPIN,3.8,6.55,30.1,102.2,84.7,339.4
NITIRAJ,,,,,,176.4
NIVABUPA,,,,,,
NKIND,,,,45.5,21.75,
NLCINDIA,84.55,89.2,70.75,85.7,50.75,231.45
NMDC,52.05,55.0,42.9,39.3,46.15,70.85
NMSTEEL_SME,,,,,,
NOCIL,12.0,16.85,39.85,196.9,180.4,258.8
NOIDATOLL,25.0,23.35,33.65,12.0,6.3,7.8
NORBTEAEXP,6.3,5.0,7.5,6.8,5.6,13.0
NORTHARC,,,,,,
NOVAAGRI,,,,,,54.15
NPBET,,,,,177.91,243.65
NPST_SME,,,,,,1165.0
NRAIL,,,,426.5,242.7,478.45
NRBBEARING,16.9,36.9,131.15,163.55,112.35,294.55
NRL,,,,,,103.2
NSIL,472.0,771.0,659.9,1217.75,1093.45,3502.65
NSLNISP,,,,,,60.95
NTL,,,,,,4.1
NTPC,148.75,139.6,123.1,142.0,107.9,342.35
NTPCGREEN,,,,,,
NUCLEUS,52.65,64.1,183.3,410.6,495.35,1244.1
NURECA,,,,,601.5,278.05
NUVAMA,,,,,,4627.9
NUVOCO,,,,,,320.35
NV20,,,,45.9,81.23,140.46
NV20BEES,,,,467.25,80.18,139.89
NV20IETF,,,,46.09,78.95,13.6
NYKAA,,,,,,164.55
OAL,,,,,588.65,331.4
OBCL,,,,,,51.5
OBEROIRLTY,,277.25,283.9,501.3,578.85,1503.35
OBSCP_SME,,,,,,
OCCL,,,,1096.3,937.5,703.0
OCCLLTD,,,,,,
ODIGMA,,,,,,
OFSS,784.85,2616.15,3254.15,3938.45,3209.1,8949.65
OIL,,164.35,152.6,151.35,82.65,394.0
OILCOUNTUB,37.9,52.05,31.65,33.6,5.35,35.6
OILIETF,,,,,,
OLAELEC,,,,,,
OLECTRA,14.6,10.95,16.0,187.1,219.45,1914.95
OLIL_SME,,,,,,
OMAXAUTO,18.8,37.7,41.9,140.95,43.55,106.35
OMAXE,38.9,121.25,136.75,221.5,68.45,99.6
OMFURN_SME,,,,,,72.8
OMINFRAL,,29.65,37.35,50.25,22.85,133.75
OMKARCHEM,,57.65,167.5,34.35,12.2,5.9
ONDOOR_SME,,,,,,288.85
ONELIFECAP,,322.55,126.85,20.15,6.05,33.25
ONEPOINT,,,,9.65,1.75,54.0
ONESOURCE,,,,,,
ONGC,134.05,179.9,204.3,179.95,104.35,269.9
ONMOBILE,155.95,59.7,74.95,45.05,92.55,66.65
ONWARDTEC,10.85,35.8,49.1,90.55,123.75,465.3
ONYX_SME,,,,,,
OPTIEMUS,,,,245.4,127.1,269.6
ORBTEXP,,,176.7,149.4,57.0,161.35
ORCHASP,,,,,,
ORCHPHARMA,,,,,2527.9,1106.35
ORIANA_SME,,,,,,826.25
ORICONENT,,,,52.55,18.8,38.05
ORIENTALTL,,6.65,2.15,12.3,6.05,8.7
ORIENTBELL,,57.4,146.0,277.05,216.5,352.6
ORIENTCEM,,,179.5,142.15,101.6,213.2
ORIENTCER,18.0,7.3,24.0,37.15,21.45,49.85
ORIENTELEC,,,,,317.25,198.55
ORIENTHOT,15.6,26.3,20.0,43.95,22.95,122.1
ORIENTLTD,,95.0,,267.0,80.45,79.45
ORIENTPPR,25.65,58.95,24.1,42.4,25.6,43.85
ORIENTTECH,,,,,,
ORISSAMINE,,3528.8,2156.7,1566.8,2471.2,6120.95
ORTEL,,,157.05,20.7,0.85,1.05
ORTINGLOBE,,,,,29.45,18.4
OSELDEVICE_SME,,,,,,
OSIAHYPER,,,,,,29.45
OSWALAGRO,,,,13.0,10.15,44.0
OSWALGREEN,11.05,37.65,22.8,27.0,18.7,31.45
OSWALSEEDS,,,,,5.4,30.0
OWAIS_SME,,,,,,482.45
PAGEIND,360.0,2700.7,14355.4,22216.55,30197.6,34724.75
PAISALO,,16.0,17.25,15.3,39.05,65.4
PAKKA,,,,,,301.1
PALASHSECU,,,,52.5,50.0,124.5
PALREDTEC,,,,71.85,97.6,142.65
PANACEABIO,59.75,78.3,134.0,267.75,190.5,132.25
PANACHE,,,,,62.1,75.4
PANAMAPET,,25.75,40.4,195.85,166.15,334.95
PANSARI,,,,,51.0,80.55
PAR,,,,,129.3,221.3
PARACABLES,7.0,2.25,2.9,13.8,8.5,70.4
PARADEEP,,,,,,69.9
PARAGMILK,,,,254.8,111.45,214.45
PARAGON_SME,,,,,,122.45
PARAMATRIX_SME,,,,,,
PARAMOUNT_SME,,,,,,
PARAS,,,,,,648.0
PARASPETRO,,,,,,2.75
PARIN_SME,,,,,,144.0
PARKHOTELS,,,,,,200.05
PARSVNATH,19.4,56.6,18.9,14.5,8.95,16.45
PARTYCRUS_SME,,,,,9.95,110.1
PASHUPATI_SME,,,,,,85.5
PASUPTAC,,,,,,38.35
PATANJALI,,,,,674.1,1387.25
PATELENG,140.5,108.85,78.1,63.75,12.4,60.3
PATINTLOG,17.15,22.25,124.85,57.45,17.0,22.35
PATTECH_SME,,,,,,55.0
PAVNAIND,,,,,165.15,530.9
PAYTM,,,,,,406.05
PCBL,3.6,10.8,12.9,113.95,99.35,275.3
PCCL_SME,,,,,,
PCJEWELLER,,,16.05,31.3,2.75,5.65
PDMJEPAPER,,,,25.35,24.55,63.6
PDSL,,,31.1,58.05,134.4,486.45
PEARLPOLY,,12.85,12.05,23.85,14.2,32.85
PEL,193.5,470.25,878.55,2471.1,1779.8,859.5
PELATRO_SME,,,,,,
PENIND,,31.9,54.55,51.0,17.5,133.75
PENINLAND,23.5,33.65,29.0,21.0,8.5,50.3
PENTAGON_SME,,,,,,118.0
PERFECT_SME,,,,,,42.45
PERSISTENT,,79.2,375.0,343.6,976.6,3996.65
PETRONET,20.5,86.7,87.95,230.85,227.75,265.4
PFC,56.9,77.5,113.05,69.7,91.5,401.2
PFIZER,582.55,1200.2,2216.5,2204.05,4551.5,4448.35
PFOCUS,9.0,45.25,40.75,89.85,60.85,106.85
PFS,,16.25,57.15,24.05,18.7,40.8
PGEL,,20.6,9.8,32.45,39.05,179.25
PGHH,744.95,2227.25,7188.95,9391.75,12567.55,16596.45
PGHL,363.1,605.6,913.3,1517.8,6169.3,4781.55
PGIL,23.6,36.5,127.0,52.9,84.4,573.25
PHANTOMFX_SME,,,,,,474.35
PHARMABEES,,,,,,19.51
PHOENIXLTD,36.6,102.2,177.6,304.7,383.9,1423.05
PHOGLOBAL_SME,,,,,,
PIDILITIND,43.15,172.55,602.5,941.4,1823.15,3051.55
PIGL,,,,,41.8,67.4
PIIND,,105.1,610.45,904.3,2249.8,3888.15
PILANIINVS,,1079.95,,1922.85,1693.0,3439.8
PILITA,,,3.55,11.75,18.4,12.2
PIONEEREMB,10.6,9.8,23.45,29.3,39.45,38.95
PITTIENG,12.2,42.4,62.1,86.35,67.8,808.25
PIXTRANS,,,,,,1348.35
PKTEA,,,,311.2,229.45,325.4
PLADAINFO_SME,,,,,,27.0
PLASTIBLEN,,37.0,112.35,207.55,229.8,246.05
PLATIND,,,,,,178.6
PLAZACABLE,,,,,,85.55
PNB,81.15,185.8,151.95,96.3,38.2,125.6
PNBGILTS,14.45,19.1,30.6,35.3,51.2,114.25
PNBHOUSING,,,,1257.0,393.05,749.3
PNC,15.0,12.0,12.6,15.25,43.9,58.35
PNCINFRA,,,,172.1,257.5,433.65
PNGJL,,,,,,
POCL,,,,,,341.3
PODDARHOUS,,,,929.6,186.85,91.8
PODDARMENT,,,,280.9,192.0,343.65
POKARNA,,,,189.35,267.4,442.8
POLICYBZR,,,,,,1172.2
POLYCAB,,,,,1396.25,5133.0
POLYMED,,30.05,253.2,253.75,837.2,1575.7
POLYPLEX,60.0,185.45,201.65,474.85,870.15,829.3
POLYSIL_SME,,,,,,34.0
PONNIERODE,27.85,130.7,136.15,146.65,149.95,413.55
POONAWALLA,31.2,74.65,97.7,158.8,115.6,475.0
POSITRON_SME,,,,,,
POWERGRID,51.7,61.1,82.4,109.65,123.0,280.15
POWERINDIA,,,,,1382.7,7023.95
POWERMECH,,,,442.5,288.1,2632.3
PPAP,30.15,71.1,90.4,555.45,199.2,191.45
PPL,,,,,130.3,368.8
PPLPHARMA,,,,,,129.9
PPSL_SME,,,,,,
PRAENG,14.1,6.6,6.6,11.2,8.05,25.25
PRAJIND,59.8,80.45,66.65,83.45,193.15,532.85
PRAKASH,49.05,48.35,35.25,177.5,81.4,171.6
PRAKASHSTL,,15.45,13.2,0.2,0.75,8.0
PRAMARA_SME,,,,,,97.75
PRANIK_SME,,,,,,
PRATHAM_SME,,,,,,108.65
PRAXIS,,,,195.95,35.05,21.3
PRECAM,,,,108.6,41.2,222.25
PRECISION_SME,,,,,,52.6
PRECOT,24.65,,55.8,62.0,112.5,321.0
PRECWIRE,1.8,5.05,8.45,37.75,26.05,131.3
PREMEXPLN,,,,67.35,31.35,302.6
PREMIER,35.1,67.0,40.7,22.05,2.5,3.0
PREMIERENE,,,,,,
PREMIERPOL,,,2.3,8.55,7.55,40.9
PREMIUM_SME,,,,,,
PRESSTONIC_SME,,,,,,136.95
PRESTIGE,,101.1,281.45,297.1,308.85,1267.05
PRICOLLTD,,,,89.9,71.5,395.65
PRIMESECU,12.2,13.2,4.35,45.95,43.55,181.15
PRINCEPIPE,,,,,427.5,571.65
PRITI,,,,,,167.65
PRITIKA_SME,,,,,,70.8
PRITIKAUTO,,,,,,30.9
PRIVISCL,,,,389.05,843.95,1018.45
PRIZOR_SME,,,,,,
PRLIND_SME,,,,,,
PROLIFE_SME,,,,,,205.0
PROPEQUITY_SME,,,,,,286.5
PROTEAN,,,,,,
PROV_SME,,,,,,971.15
PROZONER,,,29.6,50.1,17.1,32.15
PRSMJOHNSN,23.6,51.85,103.9,114.25,134.05,181.35
PRUDENT,,,,,,1271.85
PRUDMOULI,,,,,,23.1
PSB,,75.15,47.15,37.75,18.45,63.5
PSFL_SME,,,,,,
PSPPROJECT,,,,484.55,466.15,713.55
PSRAJ_SME,,,,,,
PSUBANK,150.0,362.0,350.7,284.93,217.55,705.62
PSUBANKADD,,,,,,70.69
PSUBNKBEES,157.0,349.6,384.29,328.49,24.02,78.71
PSUBNKIETF,,,,,,71.38
PTC,71.95,67.25,79.45,91.05,78.8,192.25
PTCIL,,,,,,7765.5
PTL,3.65,17.5,17.35,24.25,19.5,40.1
PULZ_SME,,,,,,64.5
PUNJABCHEM,154.65,57.45,190.9,399.55,896.15,980.15
PURPLEUTED_SME,,,,,,
PURVA,41.9,69.45,64.1,145.8,71.95,229.2
PURVFLEXI_SME,,,,,,219.1
PVP,,,,,,38.5
PVRINOX,74.6,148.0,668.7,1233.1,1238.05,1385.3
PVSL,,,,,,260.85
PVTBANIETF,,,,,178.93,23.71
PVTBANKADD,,,,,,23.83
PYRAMID,,,,,,155.75
QFIL_SME,,,,,,102.05
QGOLDHALF,728.44,1344.95,1219.85,1363.95,1942.9,57.91
QMSMEDI_SME,,,,,,119.5
QNIFTY,299.0,539.9,898.2,,1534.0,2402.26
QPOWER,,,,,,
QUADFUTURE,,,,,,
QUADPRO_SME,,,,,,
QUAL30IETF,,,,,,188.93
QUESS,,,,1019.45,689.75,520.75
QUESTLAB_SME,,,,,,
QUICKHEAL,,,,290.4,189.3,491.3
QUICKTOUCH_SME,,,,,,195.0
QUINTEGRA,4.0,2.45,,,,2.0
QVCEL_SME,,,,,,
RACE,,,,,,329.1
RACLGEAR,,,,,,
RADAAN,2.55,2.2,0.45,,0.85,2.0
RADHIKAJWE,,,,,,68.35
RADIANTCMS,,,,,,79.95
RADICO,64.7,130.1,89.85,357.4,565.1,1732.15
RADIOCITY,,,,58.2,21.9,17.2
RADIOWALLA_SME,,,,,,
RAILTEL,,,,,128.8,389.0
RAIN,16.5,37.7,28.4,383.5,149.9,163.55
RAINBOW,,,,,,1352.05
RAJESHEXPO,27.2,130.85,204.55,739.15,492.35,289.0
RAJINDLTD_SME,,,,,,
RAJMET,,,,,3.85,10.8
RAJPUTANA_SME,,,,,,
RAJRATAN,,,,,154.4,613.85
RAJRILTD,,,,,,21.55
RAJSREESUG,47.95,37.7,20.4,32.2,18.1,63.65
RAJTV,11.25,38.45,113.15,53.9,32.8,59.2
RAJVIR,,,,,,
RALLIS,26.85,121.9,230.6,234.95,259.8,256.25
RAMANEWS,13.05,8.15,6.15,24.8,16.8,16.1
RAMAPHO,,,,,,86.1
RAMASTEEL,,,,2.4,0.95,14.3
RAMCOCEM,70.05,155.15,310.65,741.2,1027.05,845.95
RAMCOIND,389.35,45.4,69.95,244.7,257.95,213.6
RAMCOSYS,45.8,99.1,647.6,385.4,570.5,275.45
RAMKY,,219.9,41.75,195.5,76.3,553.05
RAMRAT,,,,,,281.4
RANASUG,7.35,3.8,2.4,5.0,9.8,21.1
RANEENGINE,47.75,187.5,577.8,488.25,266.7,318.9
RANEHOLDIN,47.4,207.35,590.0,2570.8,600.2,1137.6
RAPPID_SME,,,,,,
RATEGAIN,,,,,,737.95
RATNAMANI,25.1,71.4,462.25,586.85,1330.4,2813.3
RATNAVEER,,,,,,124.35
RAYMOND,80.7,428.05,452.95,926.05,368.7,1822.2
RAYMONDLSL,,,,,,
RBA,,,,,131.1,103.45
RBL,45.45,110.65,315.0,1000.4,799.45,739.65
RBLBANK,,,,484.65,216.2,247.7
RBMINFRA_SME,,,,,,601.75
RBS_SME,,,,,,
RBZJEWEL,,,,,,158.25
RCDL_SME,,,,,,35.6
RCF,38.35,58.05,59.7,75.45,79.05,137.5
RCOM,179.9,85.5,60.7,22.5,1.75,1.65
READYMIX_SME,,,,,,
RECLTD,35.8,81.15,126.6,96.05,99.55,460.55
REDINGTON,10.85,43.5,65.75,75.8,92.0,209.95
REDTAPE,,,,,,171.05
REFEX,,0.8,2.15,3.15,18.85,140.5
REFRACTORY_SME,,,,,,
REGENCERAM,5.75,,,4.35,,35.0
RELAXO,,15.75,165.95,326.9,904.35,822.65
RELCAPITAL,386.2,398.9,432.55,445.35,11.25,
RELCHEMQ,,,,,,197.25
RELIABLE,,,,43.55,,65.55
RELIANCE,197.65,185.1,209.0,446.5,1010.9,1484.8
RELIGARE,324.1,377.8,343.85,54.25,94.95,215.1
RELINFRA,550.0,613.25,442.4,443.35,38.2,268.65
RELTD,,,,,,
REMSONSIND,,5.0,6.4,14.4,28.35,188.15
REMUS_SME,,,,,,1719.1
RENUKA,47.7,31.8,12.7,15.35,9.7,42.35
REPCOHOME,,,637.85,573.95,336.9,443.6
REPL,,,,,207.05,180.9
REPRO,54.8,194.65,350.3,681.7,360.0,821.4
RESPONIND,,90.0,117.9,40.3,182.1,297.75
RETAIL,,,,,,
REXPIPES_SME,,,,,,
REXPRO_SME,,,,,,
RGL,4.3,17.1,17.25,63.2,61.75,105.75
RHFL,,,,61.2,2.5,2.9
RHIM,,25.6,85.6,158.1,237.4,575.4
RHL,,,,,,182.45
RICHA_SME,,,,,,
RICOAUTO,9.6,10.35,44.35,84.05,37.65,142.05
RIIL,308.5,441.35,401.5,461.1,374.95,1321.0
RILINFRA_SME,,,,,,41.0
RISHABH,,,,,,454.5
RITCO,,,,,,236.45
RITES,,,,,122.4,344.45
RITEZONE_SME,,,,,,
RKDL,,11.5,4.15,13.35,7.65,20.9
RKEC,,,,130.0,62.65,105.85
RKFORGE,5.45,28.85,87.75,153.65,106.35,714.2
RKSWAMY,,,,,,274.9
RMDRIP_SME,,,,57.5,21.3,140.0
RML,28.75,122.75,320.95,863.35,375.5,726.1
RNFI_SME,,,,,,
ROCKINGDCE_SME,,,,,,383.7
ROHLTD,41.75,49.3,41.95,167.2,65.9,379.35
ROLEXRINGS,,,,,,1849.3
ROLLT,,,,4.8,2.35,1.6
ROLTA,61.2,94.85,171.9,59.75,3.4,4.65
ROML,,,,,93.05,45.7
ROSSARI,,,,,1073.6,699.9
ROSSELLIND,,,81.85,97.6,109.7,368.75
ROSSTECH,,,,,,
ROTO,,,,,,184.0
ROUTE,,,,,1469.7,1616.65
ROXHITECH_SME,,,,,,108.9
ROYALARC_SME,,,,,,
RPEL,,,,,,
RPGLIFE,24.3,65.95,168.5,397.15,388.1,1543.1
RPOWER,104.8,122.3,57.3,37.45,4.55,28.9
RPPINFRA,,60.1,123.75,277.45,61.95,110.75
RPPL,,,,,14.0,41.65
RPSGVENT,,,,,370.2,658.75
RPTECH,,,,,,324.2
RRKABEL,,,,,,1559.9
RSSOFTWARE,4.7,31.7,201.05,52.95,25.2,197.75
RSWM,29.25,74.5,225.95,328.95,193.55,182.05
RSYSTEMS,5.0,15.3,87.5,36.1,114.4,448.8
RTNINDIA,,,2.05,5.4,4.95,76.2
RTNPOWER,,16.55,9.3,5.3,2.65,8.65
RUBFILA,,,,,,
RUBYMILLS,36.25,92.45,69.7,152.15,84.45,196.1
RUCHINFRA,9.0,16.3,8.25,3.6,6.1,12.75
RUCHIRA,4.7,9.25,25.35,154.15,57.6,117.35
RULKA_SME,,,,,,
RUPA,,140.0,213.4,388.7,307.5,247.3
RUSHIL,,21.2,7.1,82.0,22.0,31.55
RUSTOMJEE,,,,,,638.75
RVHL,,,,,16.5,41.3
RVNL,,,,,29.65,261.75
RVTH,,,,,,
S&SPOWER,,,,,19.85,225.2
SAAKSHI_SME,,,,,,230.05
SABAR_SME,,,,,,19.4
SABEVENTS,,,,9.55,1.35,5.3
SABTNL,,,,,,
SADBHAV,32.45,153.35,348.7,390.3,64.3,31.35
SADBHIN,,,,133.1,20.4,7.0
SADHAV_SME,,,,,,190.05
SADHNANIQ,,,,,,67.65
SAFARI,,,,,307.9,1838.05
SAGARDEEP,,,,,33.8,23.6
SAGCEM,28.3,32.2,61.4,186.6,147.0,219.9
SAGILITY,,,,,,
SAH,,,,,,92.25
SAHAJ_SME,,,,,,21.45
SAHAJSOLAR_SME,,,,,,
SAHANA_SME,,,,,,874.25
SAHASRA_SME,,,,,,
SAHYADRI,,,,,,365.6
SAIFL_SME,,,,,,94.0
SAIL,97.45,96.05,70.2,73.05,83.85,140.75
SAILIFE,,,,,,
SAJHOTELS_SME,,,,,,
SAKAR,,,,,115.5,373.45
SAKHTISUG,23.95,25.4,13.6,17.0,9.7,31.9
SAKSOFT,2.5,5.05,11.7,18.15,29.5,214.35
SAKUMA,0.1,0.25,0.4,2.9,1.0,5.35
SALASAR,,,,3.4,3.7,21.0
SALONA,,,,88.1,95.6,317.65
SALSTEEL,6.5,5.05,1.8,7.7,3.2,21.05
SALZERELEC,,,,203.05,127.95,810.1
SAMBHAAV,2.5,0.85,,9.45,2.05,5.35
SAMHI,,,,,,210.05
SAMMAANCAP,,,573.45,1243.85,204.65,179.8
SAMPANN,,,5.0,7.15,3.85,21.35
SANATHAN,,,,,,
SANCO,,,,31.6,7.95,4.2
SANDESH,128.15,249.0,512.2,1021.5,657.7,1206.6
SANDHAR,,,,322.15,210.7,528.1
SANDUMA,,,,,,367.65
SANGAMIND,10.85,45.35,78.2,122.35,76.5,468.2
SANGANI_SME,,,,,,46.5
SANGHIIND,21.0,17.05,58.2,120.7,43.85,94.85
SANGHVIMOV,37.4,54.75,142.35,90.45,52.55,666.9
SANGINITA,,,,,18.8,20.45
SANOFI,981.45,2226.1,3351.55,5116.05,7994.3,8108.95
SANOFICONR,,,,,,
SANSERA,,,,,,1029.8
SANSTAR,,,,,,
SANWARIA,8.5,15.7,2.95,20.8,0.6,0.4
SAPPHIRE,,,,,,319.95
SARDAEN,,13.35,12.95,43.9,43.7,207.05
SAREGAMA,5.1,10.4,12.7,68.8,171.25,359.4
SARLAPOLY,3.6,9.85,37.8,54.15,26.8,56.65
SAROJA_SME,,,,,,
SARTELE_SME,,,,,,224.65
SARVESHWAR,,,,1.95,0.8,9.9
SASKEN,56.55,118.7,213.1,697.75,875.3,1570.45
SASTASUNDR,,23.95,83.2,110.95,118.15,327.0
SATECH_SME,,,,,,
SATIA,,,,,85.7,114.55
SATIN,,,,398.2,90.05,225.15
SATINDLTD,,,,,,93.2
SATIPOLY_SME,,,,,,
SATKARTAR_SME,,,,,,
SAURASHCEM,,,,,,105.95
SBC,,,,,,14.0
SBCL,,,,,,538.9
SBFC,,,,,,83.25
SBGLP,,,,,,93.1
SBICARD,,,,,974.3,688.05
SBIETFCON,,,,,,103.12
SBIETFIT,,,,,264.93,371.7
SBIETFPB,,,,,179.98,240.18
SBIETFQLTY,,,,,126.68,199.31
SBILIFE,,,,683.9,883.45,1489.95
SBIN,107.75,213.05,273.45,246.15,370.65,758.3
SBINEQWETF,,,,,,
SBISILVER,,,,,,
SCHAEFFLER,57.7,335.8,869.1,1101.7,1098.35,2979.6
SCHAND,,,,409.45,107.55,233.4
SCHNEIDER,,70.0,225.25,114.55,96.75,778.1
SCI,78.55,63.0,48.05,65.0,114.15,217.1
SCILAL,,,,,,41.85
SCML_SME,,,,,,68.0
SCPL,,,,,,418.8
SDBL,,,38.45,47.25,13.4,112.4
SDL24BEES,,,,,103.19,120.14
SDL26BEES,,,,,101.65,119.97
SDREAMS_SME,,,,,,
SEAMECLTD,64.85,91.4,88.85,202.3,447.0,1087.5
SECL_SME,,,,,,16.65
SECMARK,,,,,,
SECURCRED,,,,43.0,,17.9
SECURKLOUD,,,267.35,695.65,80.75,38.85
SEJALLTD,,,,,,395.0
SEL_SME,,,,,,223.3
SELAN,117.95,285.85,237.3,195.85,131.5,459.9
SELECTIPO,,,,,,
SELMC,,,,,,70.0
SEMAC,383.85,279.5,343.5,575.15,492.5,3000.35
SENCO,,,,,,392.7
SENORES,,,,,,
SENSEXADD,,,,,,72.95
SENSEXETF,,,,,,74.11
SENSEXIETF,,,,347.86,537.49,828.1
SEPC,128.8,81.7,33.05,27.2,4.05,17.45
SEQUENT,,,,73.4,243.9,122.15
SERVICE_SME,,,,,,
SERVOTECH,,,,3.95,,81.45
SESHAPAPER,,39.6,37.65,177.1,162.2,306.9
SETCO,,,,55.15,15.25,6.45
SETF10GILT,,,,,201.95,228.68
SETFGOLD,,2784.2,2468.6,2785.55,4019.95,59.83
SETFNIF50,,,,103.15,150.52,234.63
SETFNIFBK,,,,244.89,337.44,480.89
SETFNN50,,,193.1,293.5,358.48,647.96
SETUINFRA,,104.35,1.8,6.65,0.8,0.65
SEYAIND,,,,,51.55,20.5
SFL,,,,777.8,994.1,949.85
SFML_SME,,,,,,
SGIL,,,,,,345.3
SGL,,3.45,,16.95,9.05,15.1
SGLTL,,,,,,
SHAH,,1.3,,6.6,1.95,3.2
SHAHALLOYS,11.5,7.5,4.7,43.95,8.15,62.35
SHAILY,,,,,,508.8
SHAIVAL_SME,,,,,,
SHAKTIPUMP,,7.7,35.65,93.65,86.4,233.4
SHALBY,,,,213.35,106.3,244.95
SHALPAINTS,,83.7,145.35,147.9,97.2,170.8
SHANKARA,,,,1855.2,425.05,657.15
SHANTHALA_SME,,,,,,86.4
SHANTI,,,,,23.5,15.4
SHANTIGEAR,25.55,39.55,119.35,135.7,133.4,555.25
SHARDACROP,,,315.75,387.55,298.4,338.9
SHARDAMOTR,,,,395.45,398.95,1386.7
SHAREINDIA,,,,,54.05,315.75
SHARIABEES,71.71,120.4,183.0,246.0,370.24,494.74
SHEETAL_SME,,,,,,62.65
SHEKHAWATI,,27.4,0.85,0.4,0.4,2.2
SHEMAROO,,,184.15,529.6,68.35,148.2
SHERA_SME,,,,,,164.45
SHIGAN_SME,,,,,,95.0
SHILPAMED,,82.3,515.25,465.2,351.15,494.9
SHIVALIK,,,,,,569.5
SHIVAMAUTO,4.0,,38.95,78.7,18.25,38.4
SHIVAMILLS,,,,60.35,43.4,84.2
SHIVATEX,,,,480.55,138.0,144.45
SHIVAUM_SME,,,,,,
SHK,,,,256.8,113.05,211.65
SHOPERSTOP,50.3,391.9,410.6,547.05,215.6,778.3
SHRADHA,,,,,,27.75
SHREDIGCEM,,,,,63.25,102.85
SHREECEM,720.7,3267.4,10878.2,16410.25,29951.95,26458.0
SHREEKARNI_SME,,,,,,349.05
SHREEOSFM_SME,,,,,,
SHREEPUSHK,,,,204.75,138.75,171.8
SHREERAMA,4.0,3.6,4.25,11.15,10.25,24.7
SHRENIK,,,,116.2,1.8,0.95
SHREYANIND,,14.95,32.65,148.45,104.4,229.3
SHRIPISTON,,,,754.25,389.0,1956.8
SHRIRAMFIN,36.85,118.3,229.75,293.65,294.55,486.35
SHRIRAMPPS,,,,,,120.2
SHRITECH_SME,,,,,,66.95
SHUBHLAXMI_SME,,,,,14.0,85.65
SHUBHSHREE_SME,,,,,,
SHYAMCENT,,,,9.25,5.35,17.5
SHYAMMETL,,,,,,623.15
SHYAMTEL,49.65,28.3,30.15,19.5,,8.95
SICALLOG,,,,,,185.3
SIDDHIKA_SME,,,,,,104.2
SIEMENS,257.75,771.85,1412.5,1101.85,1858.25,5462.9
SIGACHI,,,,,,61.6
SIGIND,,,,,31.35,66.6
SIGMA,,,,,,427.25
SIGNATURE,,,,,,1325.85
SIGNORIA_SME,,,,,,170.0
SIGNPOST,,,,,,372.85
SIKKO,,,,,16.65,72.35
SIL,10.6,17.9,23.15,21.4,19.7,22.25
SILGO,,,,,55.65,27.8
SILINV,45.7,72.1,,361.9,194.15,506.0
SILKFLEX_SME,,,,,,
SILLYMONKS,,,,124.6,19.6,13.9
SILVER,,,,,,76.67
SILVER1,,,,,,74.62
SILVERADD,,,,,,73.98
SILVERBEES,,,,,,74.03
SILVERETF,,,,,,75.32
SILVERIETF,,,,,,76.82
SILVERTUC,,,,121.5,,655.8
SILVRETF,,,,,,75.03
SIMBHALS,,,,15.25,7.45,26.55
SIMPLEXINF,163.05,243.1,459.05,533.45,31.95,107.65
SINCLAIR,,,,,,
SINDHUTRAD,,,,,,28.65
SINTERCOM,,,,81.35,83.5,132.95
SIRCA,,,,,161.05,317.0
SIS,,,,566.65,404.8,435.7
SITINET,12.85,8.75,37.0,15.6,0.9,0.6
SIYSIL,,53.8,179.75,611.65,190.95,456.0
SJLOGISTIC_SME,,,,,,296.8
SJS,,,,,,609.6
SJVN,,19.75,24.9,33.2,26.1,125.4
SKFINDIA,151.7,710.0,1415.5,1791.35,2220.65,4374.5
SKIL,435.0,231.7,37.6,28.4,2.55,6.5
SKIPPER,,,,222.3,61.25,318.35
SKMEGGPROD,14.0,6.9,148.5,87.0,49.45,226.6
SKP_SME,,,,,,237.0
SKYGOLD,,,,,,100.85
SLONE_SME,,,,,,
SMALLCAP,,,,,,44.15
SMARTLINK,,46.6,73.8,85.2,84.95,173.6
SMCGLOBAL,,,,,75.75,127.8
SMLISUZU,,392.05,1177.95,773.5,469.7,1958.9
SMLT,,,,,,225.15
SMSLIFE,,,,393.1,503.7,665.0
SMSPHARMA,7.8,14.3,54.4,76.85,124.85,186.05
SMVD_SME,,,,,,9.75
SNOWMAN,,,85.3,46.6,46.5,74.0
SOBHA,81.7,329.3,399.9,512.3,445.6,1543.2
SOFTTECH,,,,,,307.25
SOLARA,,,,,1404.2,394.5
SOLARINDS,,167.1,680.8,1067.6,1292.4,8726.05
SOLEX_SME,,,,38.7,29.3,696.0
SOMANYCERA,8.8,39.65,413.35,655.3,434.3,594.4
SOMATEX,9.3,3.8,2.7,11.45,5.9,34.05
SOMICONVEY,,,,50.85,30.9,135.75
SONACOMS,,,,,,684.2
SONAMAC_SME,,,,,,126.25
SONAMLTD,,,,,15.45,39.8
SONATSOFTW,6.15,7.25,65.6,118.1,197.15,716.15
SONUINFRA_SME,,,,,,57.1
SOTAC_SME,,,,,,
SOTL,,90.2,108.5,283.9,204.35,470.75
SOUTHBANK,5.25,24.7,25.65,23.45,8.7,29.3
SOUTHWEST,,,,82.0,52.7,109.35
SPAL,,,,332.35,161.0,574.05
SPANDANA,,,,,618.5,882.8
SPARC,50.9,76.9,503.4,382.95,152.25,379.25
SPCENET,,,,,,26.85
SPCL_SME,,,,,,
SPECIALITY,,,180.0,127.8,38.2,176.35
SPECTRUM_SME,,,,,,1510.0
SPECTSTM_SME,,,,,,86.45
SPENCERS,,,,,72.5,97.65
SPIC,6.25,17.85,20.05,34.65,30.15,76.3
SPLIL,5.5,2.45,,23.75,34.5,57.85
SPLPETRO,,,,,,652.85
SPMLINFRA,,87.6,73.25,95.25,10.0,127.85
SPORTKING,,,,,,82.15
SPPPOLY_SME,,,,,,
SPRL_SME,,,,,,
SPTL,,,,59.1,3.45,1.0
SRD,,,,,,
SREEL,,,,232.55,147.6,292.05
SRF,15.0,50.35,199.9,397.65,1148.25,2616.6
SRGHFL,,,,,,269.9
SRHHYPOLTD,,,48.0,149.15,244.3,524.5
SRIVASAVI_SME,,,,,,113.85
SRM,,,,,,
SRPL,,,,,3.0,1.15
SSDL,,,,,,
SSEGL_SME,,,,,,
SSFL_SME,,,,,,298.0
SSWL,3.75,21.55,30.1,110.95,72.0,233.9
STALLION,,,,,,
STANLEY,,,,,,
STAR,84.9,600.25,1198.65,684.9,850.2,803.25
STARCEMENT,,,,120.7,99.05,230.8
STARHEALTH,,,,,,556.85
STARPAPER,16.45,16.3,21.15,209.7,123.7,231.45
STARTECK,,,,,,262.65
STCINDIA,116.55,260.0,151.5,140.8,78.1,134.3
STEELCAS,,,,,,652.1
STEELCITY,,,,82.6,37.1,75.5
STEELXIND,,,,2.55,6.65,14.4
STEL,,12.9,23.6,105.15,83.3,316.3
STERTOOLS,,22.0,55.1,374.55,197.7,346.6
STLTECH,70.6,40.2,58.5,327.0,206.65,123.2
STOVEKRAFT,,,,,479.75,439.2
STYLAMIND,,,,,,1630.0
STYLEBAAZA,,,,,,
STYRENIX,93.15,763.3,668.0,903.8,965.55,1487.25
SUBEXLTD,,,,,37.0,31.55
SUBROS,15.0,25.75,58.15,318.25,325.05,548.95
SUDARSCHEM,10.3,48.0,89.4,436.05,523.15,649.35
SUKHJITS,,,,,,233.3
SULA,,,,,,559.2
SUMEETINDS,,19.0,9.55,11.35,4.9,2.6
SUMICHEM,,,,,288.45,361.95
SUMIT,,,,,10.5,54.4
SUMMITSEC,,81.85,233.1,801.9,540.0,1272.9
SUNCLAY,,,,,,1429.25
SUNDARAM,,15.75,2.2,3.5,1.25,2.85
SUNDARMFIN,82.6,336.95,1530.05,1699.35,2619.1,4136.6
SUNDARMHLD,,,,295.0,77.55,207.55
SUNDRMBRAK,105.6,162.0,339.45,536.45,348.5,688.3
SUNDRMFAST,16.15,55.25,187.15,564.2,798.2,1091.8
SUNFLAG,12.25,24.05,23.85,78.05,67.95,198.45
SUNLITE_SME,,,,,,
SUNPHARMA,106.55,286.7,1081.15,507.85,610.75,1629.25
SUNREST_SME,,,,,,67.0
SUNTECK,,189.8,127.5,418.85,281.25,425.9
SUNTV,170.0,305.2,456.0,860.0,478.35,611.2
SUPERHOUSE,,,215.5,134.35,126.0,206.1
SUPERSPIN,4.6,6.25,5.65,12.25,4.25,7.0
SUPRAJIT,38.0,20.2,131.8,288.0,289.8,418.75
SUPREME,,,,,,
SUPREMEENG,,,,,2.75,0.95
SUPREMEIND,22.2,206.05,722.6,1194.7,2020.8,4172.35
SUPREMEINF,24.9,293.2,208.75,51.9,,69.8
SUPREMEPWR_SME,,,,,,127.65
SUPRIYA,,,,,,355.55
SURAJEST,,,,,,312.95
SURAJLTD,,,,,,
SURAKSHA,,,,,,
SURANASOL,,9.9,67.15,13.25,9.15,35.1
SURANAT&P,,3.15,13.15,4.7,4.25,15.4
SURANI_SME,,,,,,449.95
SURYALAXMI,13.25,53.3,91.55,67.1,30.95,68.0
SURYAROSNI,6.5,13.75,28.65,100.45,89.45,263.7
SURYODAY,,,,,273.35,165.05
SUTLEJTEX,2.0,11.35,33.2,73.2,41.15,56.6
SUULD,,,,,99.45,7.1
SUVEN,12.05,13.65,288.85,172.8,74.55,105.0
SUVENPHAR,,,,,491.1,669.7
SUVIDHAA,,,,,99.6,5.85
SUYOG,,,,,,
SUZLON,46.55,25.8,26.45,11.1,5.1,41.35
SVLL,,,,,,223.0
SVPGLOB,,,,,,5.9
SWANDEF,,,,,,
SWANENERGY,,,61.95,187.65,137.05,674.35
SWARAJ_SME,,,,,,189.35
SWARAJENG,100.6,405.4,811.5,1988.05,1327.1,2330.55
SWASTIK_SME,,,,,,76.7
SWELECTES,58.85,172.0,362.05,254.65,204.55,1002.05
SWIGGY,,,,,,
SWSOLAR,,,,,279.35,540.0
SYLVANPLY_SME,,,,,,
SYMPHONY,,124.9,1336.1,1793.75,1293.95,868.55
SYNCOMF,,,,,,11.7
SYNGENE,,,,294.5,557.95,708.4
SYNOPTICS_SME,,,,,,117.3
SYRMA,,,,,,488.35
SYSTANGO_SME,,,,,,320.6
TAC_SME,,,,,,
TAINWALCHM,,20.45,21.5,98.6,60.55,129.3
TAJGVK,46.75,76.15,72.0,166.9,113.3,388.05
TAKE,19.05,32.9,131.2,170.3,52.85,21.75
TALBROAUTO,3.55,8.4,29.15,58.1,41.5,273.5
TANLA,34.2,7.15,17.1,33.45,854.25,841.95
TAPIFRUIT_SME,,,,,,125.0
TARACHAND,,,,10.55,,37.5
TARAPUR,,16.1,5.95,5.35,,7.9
TARC,,,,,30.45,144.15
TARIL,134.4,165.05,247.2,27.35,17.3,415.4
TARMAT,28.2,19.1,30.75,45.3,47.05,93.45
TARSONS,,,,,,426.7
TASTYBITE,,,,7399.15,14416.45,12315.35
TATACHEM,143.0,343.85,441.1,691.3,779.1,1087.2
TATACOMM,520.15,225.4,426.05,637.85,1122.9,2036.55
TATACONSUM,,115.35,151.1,276.95,650.15,1086.9
TATAELXSI,41.35,100.95,636.5,1002.05,2772.0,7745.3
TATAGOLD,,,,,,6.84
TATAINVEST,237.35,450.4,610.25,770.05,1034.45,6556.1
TATAMOTORS,36.0,276.8,564.9,339.15,307.75,992.25
TATAMTRDVR,,158.05,338.05,189.45,131.45,659.3
TATAPOWER,79.35,100.05,77.5,81.9,105.05,406.95
TATASTEEL,21.0,47.15,32.35,57.9,86.3,163.15
TATATECH,,,,,,1049.8
TATSILV,,,,,,7.5
TATVA,,,,,,1119.5
TBI_SME,,,,,,
TBOTEK,,,,,,
TBZ,,,150.8,89.65,65.85,110.85
TCI,33.95,62.75,264.4,276.15,264.45,820.85
TCIEXP,,,,478.0,933.75,1069.15
TCIFINANCE,13.95,42.7,35.1,25.6,4.85,5.05
TCL_SME,,,,,,149.95
TCNSBRANDS,,,,,519.9,357.25
TCPLPACK,,,,606.15,432.55,2208.4
TCS,136.1,597.1,1271.3,1454.8,3165.0,3916.75
TDPOWERSYS,,50.55,73.85,39.0,31.1,306.9
TEAMLEASE,,,,2336.45,3772.6,2813.65
TECH,,,,,,36.81
TECHERA_SME,,,,,,
TECHIN,,7.0,3.4,7.5,,31.5
TECHLABS_SME,,,,,,230.0
TECHM,68.1,179.1,632.7,640.3,992.15,1244.55
TECHNOE,,,,,316.1,800.55
TECILCHEM,,,,,,19.1
TEGA,,,,,,1292.3
TEJASCARGO_SME,,,,,,
TEJASNET,,,,368.0,166.85,728.5
TEMBO,,,,,99.0,263.25
TERASOFT,,,,39.8,39.55,47.75
TEXINFRA,46.75,26.7,37.25,62.0,70.7,99.95
TEXMOPIPES,,21.55,11.05,20.1,25.45,80.55
TEXRAIL,,60.3,150.6,85.35,27.5,172.2
TFCILTD,13.7,25.9,71.4,154.05,62.8,177.6
TFL,7.35,8.95,,9.7,,10.8
TGBHOTELS,23.7,78.05,112.55,37.7,4.4,15.2
TGL_SME,,,,,,
THANGAMAYL,,88.5,96.6,256.25,297.35,1310.05
THEINVEST,,,,225.75,90.7,134.4
THEJO,,,,,419.2,2463.45
THEMISMED,6.25,9.3,14.95,57.05,29.8,225.25
THERMAX,189.9,470.0,1098.95,1122.4,1326.6,4288.15
THESL_SME,,,,,,
THOMASCOOK,34.35,65.25,210.1,286.65,49.2,167.35
THOMASCOTT,,23.1,,15.0,7.75,302.65
THYROCARE,,,,596.85,945.4,607.0
TI,,55.5,20.95,18.6,30.9,216.55
TICL,,,,,,34.8
TIIL,22.1,34.4,223.7,497.25,393.95,2239.3
TIINDIA,,,,254.05,1198.35,3724.4
TIJARIA,,7.5,,7.65,6.75,12.4
TIL,86.8,285.45,500.7,475.4,162.5,166.7
TIMESCAN_SME,,,,,,72.0
TIMESGTY,11.95,20.65,24.6,42.5,25.0,90.4
TIMETECHNO,23.8,56.25,49.7,160.45,61.9,251.7
TIMKEN,58.55,223.75,639.6,719.6,1311.5,2914.6
TIPSFILMS,,,,,,690.0
TIPSMUSIC,23.55,53.7,43.95,97.8,496.05,470.05
TIRUMALCHM,4.7,4.45,8.4,191.1,89.1,239.5
TIRUPATI_SME,,,,55.7,,
TIRUPATIFL,,,,6.1,2.85,16.95
TITAGARH,32.45,70.25,125.85,114.2,47.05,937.0
TITAN,39.2,242.8,390.4,944.1,1559.35,3738.4
TMB,,,,,,493.65
TNIDETF,,,,,,79.56
TNPETRO,8.45,15.95,14.25,51.9,52.75,84.1
TNPL,58.7,96.7,124.0,360.45,154.0,257.1
TNTELE,5.2,3.3,4.1,3.6,4.85,10.3
TOKYOPLAST,,20.5,22.4,87.35,70.05,102.05
TOLINS,,,,,,
TOP100CASE,,,,,,
TOP10ADD,,,,,,
TORNTPHARM,33.6,155.3,597.75,633.15,1274.1,2675.35
TORNTPOWER,76.35,206.85,161.9,234.1,427.55,1422.5
TOTAL,,,,,43.6,100.25
TOUCHWOOD,,,,35.25,119.8,140.95
TPHQ,0.5,0.85,0.3,,,1.35
TPLPLASTEH,,,,37.1,15.45,69.35
TRACXN,,,,,,92.1
TRANSRAILL,,,,,,
TRANSTEEL_SME,,,,,,67.15
TRANSWIND_SME,,,,32.0,,25.0
TRANSWORLD,19.6,28.15,422.6,511.5,76.55,274.4
TREEHOUSE,,207.4,396.65,9.4,7.85,22.25
TREJHARA,,,,,30.95,158.3
TREL,,,,,,49.05
TRENT,32.8,94.65,148.1,344.0,750.85,3886.8
TRF,,305.35,345.6,234.0,88.8,413.2
TRIDENT,,1.1,2.3,6.4,14.2,39.15
TRIDHYA_SME,,,,,,26.9
TRIGYN,8.15,12.75,38.85,132.85,68.25,103.1
TRITURBINE,,48.0,134.85,100.4,101.75,571.6
TRIVENI,41.3,15.45,18.9,42.55,85.25,331.4
TROM_SME,,,,,,
TRU,,,,,,67.2
TRUST_SME,,,,,,
TTKHLTCARE,,395.4,,1070.1,497.25,1518.6
TTKPRESTIG,7.45,251.3,289.05,528.45,728.25,692.45
TTL,0.65,1.9,4.6,8.5,4.65,10.85
TTML,20.45,12.95,8.2,5.65,14.05,79.15
TUNWAL_SME,,,,,,
TV18BRDCST,74.6,29.65,30.3,70.15,29.2,48.7
TVSELECT,13.7,17.1,35.9,358.1,134.15,286.8
TVSHLTD,,,1830.95,4821.95,3034.25,8354.85
TVSMOTOR,11.5,43.15,254.8,660.45,589.2,2139.1
TVSSCS,,,,,,162.9
TVSSRICHAK,56.5,329.55,1527.2,3265.45,1798.0,3868.6
TVTODAY,70.05,53.0,226.2,488.45,270.45,219.55
TVVISION,,,,14.85,2.6,5.1
UBL,96.8,546.2,996.1,972.1,1242.15,1779.55
UCAL,28.25,71.45,113.5,244.95,146.4,153.0
UCL_SME,,,,,,
UCOBANK,26.15,79.85,65.7,21.75,11.45,55.15
UDAICEMENT,,,,,,
UDS,,,,,,331.15
UEL,,,,,,
UFLEX,57.75,117.4,123.05,336.05,387.6,422.7
UFO,,,,384.7,73.7,140.45
UGARSUGAR,,11.6,7.95,16.55,17.3,72.7
UGROCAP,,,,,,236.85
UHTL_SME,,,,,,
UJJIVAN,,,,350.2,223.55,503.2
UJJIVANSFB,,,,,31.9,48.45
ULTRACEMCO,535.2,1495.0,2883.7,3978.5,6898.85,9954.4
UMA_SME,,,,,,25.5
UMAEXPORTS,,,,,,92.7
UMANGDAIRY,,,,77.6,58.8,90.5
UMESLTD,,11.65,3.15,1.05,3.55,4.85
UNICHEMLAB,64.2,137.1,203.25,280.75,314.2,492.7
UNIDT,,,,,277.5,233.75
UNIECOM,,,,,,
UNIENTER,,24.6,28.3,83.8,85.55,136.3
UNIHEALTH_SME,,,,,,136.0
UNIINFO,,,,53.0,,36.6
UNILEX_SME,,,,,,
UNIMECH,,,,,,
UNIONBANK,147.25,235.4,162.05,95.05,34.9,156.75
UNIONGOLD,,,,,,
UNIPARTS,,,,,,538.4
UNITDSPR,136.75,127.45,726.7,653.3,558.3,1158.3
UNITECH,37.35,29.2,16.2,5.8,1.7,11.7
UNITEDPOLY,,,,,,94.3
UNITEDTEA,,148.0,,349.5,300.65,327.4
UNIVAFOODS,4.8,6.6,,,1.05,6.95
UNIVASTU,,,,,37.8,142.5
UNIVCABLES,35.25,40.35,37.2,138.6,139.0,473.3
UNIVPHOTO,,,,,167.85,349.0
UNOMINDA,3.0,6.1,18.7,184.55,269.6,693.3
UPL,69.75,88.15,293.8,501.6,653.6,466.2
URAVIDEF,,,,100.75,,330.7
URBAN_SME,,,,,,177.65
URJA,,,,5.15,6.6,19.8
USASEEDS_SME,,,,,,309.75
USHAFIN_SME,,,,,,
USHAMART,28.3,31.35,23.3,20.3,36.55,333.25
USK,,,,,,50.55
UTIAMC,,,,,572.8,842.65
UTIBANKETF,,,,,33.97,48.29
UTINEXT50,,,,287.0,36.22,65.26
UTINIFTETF,,,,1058.1,1561.4,241.52
UTISENSETF,,,,344.75,522.81,796.98
UTISXN50,,,,,40.5,75.8
UTKARSHBNK,,,,,,49.35
UTSSAV_SME,,,,,,
UTTAMSUGAR,25.4,24.1,11.35,101.8,91.4,332.85
UWCSL_SME,,,,,,
UYFINCORP,,,,,,
V2RETAIL,36.3,11.9,33.95,436.65,132.1,443.3
VADILALIND,,126.85,276.25,851.1,912.5,4451.15
VAIBHAVGBL,2.6,8.4,160.95,139.45,801.4,376.1
VAISHALI,,,,5.6,3.35,14.5
VAKRANGEE,0.65,14.35,54.1,210.3,58.3,21.2
VAL30IETF,,,,,,
VALIANTLAB,,,,,,152.55
VALIANTORG,,,,,1292.9,411.7
VARDHACRLC,4.0,7.3,24.75,48.25,37.15,55.55
VARDMNPOLY,3.3,7.1,4.0,1.95,1.7,7.6
VARROC,,,,,378.3,512.3
VASA_SME,,,,62.05,,
VASCONEQ,,43.4,19.45,35.0,18.55,66.7
VASWANI,,8.0,2.9,15.6,9.6,33.05
VBL,,,,38.0,89.7,558.9
VCL,,,,,22.0,1.0
VDEAL_SME,,,,,,
VEDL,100.1,192.65,190.15,282.3,231.25,287.5
VEEDOL,3324.0,7590.3,13518.1,6204.15,4389.95,1449.4
VEEKAYEM_SME,,,,,,259.0
VELS_SME,,,,,,64.1
VENKEYS,50.1,263.8,225.15,3975.15,1566.85,1608.15
VENTIVE,,,,,,
VENUSPIPES,,,,,,1844.25
VENUSREM,150.15,166.7,133.45,71.3,284.95,338.35
VERA_SME,,,,,30.75,
VERANDA,,,,,,190.15
VERITAAS_SME,,,,,,
VERTEXPLUS_SME,,,,,,138.0
VERTOZ,,,,9.15,14.3,37.9
VESUVIUS,80.15,388.75,715.55,1283.15,995.3,3428.4
VETO,,,,186.45,121.85,128.35
VGUARD,3.2,13.8,66.55,226.55,247.55,334.05
VHL,116.85,385.75,750.0,3913.0,1789.25,2880.6
VHLTD,,,,,,
VIAZ_SME,,,,,,52.0
VIDHIING,,,,81.9,207.1,460.1
VIESL_SME,,,,,,
VIJAYA,,,,,,660.9
VIJIFIN,,,,5.0,0.65,3.25
VIKASECO,,2.65,6.3,32.05,2.35,4.0
VIKASLIFE,,,,,3.05,5.05
VILAS_SME,,,,,,
VILINBIO_SME,,,,,,
VIMTALABS,16.25,15.1,74.8,182.45,163.55,454.5
VINATIORGA,,42.0,277.0,457.8,1399.9,1469.4
VINCOFE,,,,,,
VINDHYATEL,87.1,141.5,507.8,1066.05,828.9,2340.35
VINEETLAB,,,,,,50.75
VINNY,,,,,,4.15
VINSYS_SME,,,,,,322.75
VINYAS_SME,,,,,,632.9
VINYLINDIA,,10.0,65.95,103.8,117.05,379.1
VIPCLOTHNG,8.95,20.6,71.95,58.05,13.95,38.15
VIPIND,7.1,102.5,95.2,321.15,354.45,532.5
VIPULLTD,,10.75,,55.0,29.8,28.05
VIRINCHI,,,,,,32.95
VISAKAIND,8.55,14.75,18.8,133.7,94.55,111.7
VISAMAN_SME,,,,,,
VISASTEEL,18.45,56.6,15.1,14.15,6.7,20.15
VISESHINFO,0.3,0.25,0.1,0.15,,0.45
VISHNU,,,34.75,55.9,59.6,321.05
VISHNUINFR_SME,,,,,,230.8
VISHWARAJ,,,,,24.5,15.55
VISHWAS_SME,,,,,,83.6
VITAL_SME,,,,,,77.4
VIVIANA_SME,,,,,,294.0
VIVIDHA,,,72.5,1.05,0.75,1.1
VIVO_SME,,,,,,74.4
VLEGOV,,,,,,53.2
VLINFRA_SME,,,,,,
VLSFINANCE,6.45,13.9,38.1,70.4,82.55,255.65
VMARCIND_SME,,,,,,87.65
VMART,,,561.0,1918.95,2808.45,2171.9
VMM,,,,,,
VOLERCAR_SME,,,,,,
VOLTAMP,346.55,515.1,649.85,1098.4,1081.65,9838.8
VOLTAS,49.6,113.35,283.7,638.5,1005.95,1151.6
VPRPL,,,,,,161.7
VR_SME,,,,,,114.95
VRAJ,,,,,,
VRLLOG,,,,386.05,233.4,560.5
VSCL_SME,,,,87.95,,32.55
VSSL,,,16.85,72.95,71.8,215.7
VSTIND,20.45,136.35,141.45,273.9,305.8,327.55
VSTL,,,,,,276.25
VSTTILLERS,,463.25,1282.25,2627.3,1833.7,3343.95
VTL,10.05,40.2,110.95,243.4,253.85,441.0
WAAREEENER,,,,,,
WABAG,,212.2,827.75,494.8,256.6,775.45
WALCHANNAG,96.75,85.7,205.2,182.55,64.8,212.4
WALPAR_SME,,,,,,55.25
WANBURY,34.75,21.15,65.35,33.15,86.4,153.55
WCIL,,,,,,
WEALTH,,,,104.95,131.3,615.7
WEBELSOLAR,37.5,19.7,22.1,92.3,43.65,462.45
WEIZMANIND,,8.95,11.85,44.3,44.35,121.9
WEL,,,,,,71.35
WELCORP,,136.1,56.1,135.75,147.3,551.75
WELENT,,31.95,32.4,147.1,113.9,312.0
WELINV,,32.0,35.2,149.2,393.65,748.45
WELSPUNLIV,2.05,4.6,37.9,57.7,84.75,154.6
WENDT,403.9,1649.15,1739.0,2541.65,3189.0,11427.1
WESTLIFE,,,,,456.0,802.0
WEWIN,,,,,14.25,71.55
WHEELS,54.95,302.7,633.5,1116.4,458.7,604.3
WHIRLPOOL,,205.45,727.75,1540.9,2223.65,1251.25
WILLAMAGOR,20.0,44.65,65.85,91.0,18.8,36.3
WINDLAS,,,,,,540.35
WINDMACHIN,,16.0,19.85,102.3,32.05,80.15
WINNY_SME,,,,,,
WINSOL_SME,,,,,,
WINSOME,,,,,,3.0
WIPL,,,,44.5,58.05,155.25
WIPRO,28.4,83.1,118.7,108.6,208.2,242.5
WOCKPHARMA,75.65,606.55,1871.5,749.45,428.25,598.7
WOL3D_SME,,,,,,
WOMANCART_SME,,,,,,
WONDERLA,,,264.5,352.55,202.55,993.4
WORTH,,,,98.05,51.85,105.95
WSI,30.3,27.05,10.95,5.75,6.85,151.6
WSTCSTPAPR,39.15,49.55,52.25,254.1,247.9,612.6
WTICAB_SME,,,,,,204.45
XCHANGING,72.7,18.9,32.1,57.7,66.6,121.15
XELPMOC,,,,,266.5,120.4
XPROINDIA,10.1,30.95,20.0,33.7,51.15,1113.8
XTGLOBAL,,,,,,
YAARI,,8.6,13.2,211.55,113.7,9.4
YASHO,,,,,,1650.1
YASHOPTICS_SME,,,,,,
YATHARTH,,,,,,423.85
YATRA,,,,,,147.1
YCCL_SME,,,,,,27.4
YESBANK,10.35,74.6,169.55,306.25,15.7,24.45
YUDIZ_SME,,,,,,72.7
YUKEN,,,,,,819.1
ZAGGLE,,,,,,282.35
ZEAL_SME,,,,,,
ZEEL,2.4,5.95,340.85,578.95,209.25,147.1
ZEELEARN,,14.85,37.0,36.5,10.95,6.45
ZEEMEDIA,32.8,10.35,18.25,39.25,6.5,11.55
ZENITHDRUG_SME,,,,,,65.6
ZENITHEXPO,,48.65,,48.45,67.85,178.1
ZENITHSTL,10.35,4.25,0.95,1.9,0.7,7.85
ZENSARTECH,8.0,36.05,135.85,181.85,274.75,610.1
ZENTEC,,,55.7,115.15,79.65,945.6
ZFCVINDIA,,1589.55,5817.55,7950.45,6421.9,15276.65
ZIMLAB,,,,,,96.75
ZODIAC,,,,28.0,,394.85
ZODIACLOTH,81.75,202.7,276.5,167.0,97.45,112.35
ZOMATO,,,,,,184.5
ZOTA,,,,216.05,144.85,480.05
ZTECH_SME,,,,,,
ZUARI,,,252.1,495.6,91.3,184.3
ZUARIIND,143.5,498.3,100.65,176.7,83.6,336.5
ZYDUSLIFE,36.55,150.05,358.05,385.05,441.8,999.8
ZYDUSWELL,,399.8,1021.1,1215.45,1985.0,1506.8
